<?xml version="1.0" encoding="utf-8"?>
<RSinstall type="rsformbackup">
<name>RSform backup</name>
<creationDate>2014-09-10</creationDate>
<author>admin</author>
<copyright>(C) 2014 http://posrg.eebeta.com/</copyright>
<authorEmail>don@electriceasel.com</authorEmail>
<authorUrl>http://posrg.eebeta.com/</authorUrl>
<version>1.4.0</version>
<revision>46</revision>
<description>RSForm! Pro Backup</description>
<tasks>
	<task type="query"><![CDATA[INSERT  INTO `#__rsform_forms` (`FormId`,`FormName`,`FormLayout`,`FormLayoutName`,`FormLayoutAutogenerate`,`CSS`,`JS`,`FormTitle`,`ShowFormTitle`,`Published`,`Lang`,`ReturnUrl`,`ShowThankyou`,`Thankyou`,`ShowContinue`,`UserEmailText`,`UserEmailTo`,`UserEmailCC`,`UserEmailBCC`,`UserEmailFrom`,`UserEmailReplyTo`,`UserEmailFromName`,`UserEmailSubject`,`UserEmailMode`,`UserEmailAttach`,`UserEmailAttachFile`,`AdminEmailText`,`AdminEmailTo`,`AdminEmailCC`,`AdminEmailBCC`,`AdminEmailFrom`,`AdminEmailReplyTo`,`AdminEmailFromName`,`AdminEmailSubject`,`AdminEmailMode`,`ScriptProcess`,`ScriptProcess2`,`ScriptDisplay`,`UserEmailScript`,`AdminEmailScript`,`AdditionalEmailsScript`,`MetaTitle`,`MetaDesc`,`MetaKeywords`,`Required`,`ErrorMessage`,`MultipleSeparator`,`TextareaNewLines`,`CSSClass`,`CSSId`,`CSSName`,`CSSAction`,`CSSAdditionalAttributes`,`AjaxValidation`,`ThemeParams`,`Keepdata`,`Backendmenu`,`ConfirmSubmission`) VALUES ('','trade-in-trade-up','{error}\r\n<!-- Do not remove this ID, it is used to identify the page so that the pagination script can work correctly -->\r\n<ul class=\"formContainer\" id=\"rsform_8_page_0\">\r\n<li class=\"heading\">\r\n<span style=\"color: #0066cc; font-size: 18px; font-weight: bold;\">Contact Information</span>\r\n</li>\r\n	<li class=\"rsform-block rsform-block-company\">\r\n		<div class=\"formCaption\">{company:caption}</div>\r\n		<div class=\"formBody\">{company:body}<span class=\"formClr\">{company:validation}</span></div>\r\n		<div class=\"formDescription\">{company:description}</div>\r\n	</li>\r\n	<li class=\"rsform-block rsform-block-first-name\">\r\n		<div class=\"formCaption\">{first_name:caption}<strong class=\"formRequired\">(*)</strong></div>\r\n		<div class=\"formBody\">{first_name:body}<span class=\"formClr\">{first_name:validation}</span></div>\r\n		<div class=\"formDescription\">{first_name:description}</div>\r\n	</li>\r\n	<li class=\"rsform-block rsform-block-last-name\">\r\n		<div class=\"formCaption\">{last_name:caption}<strong class=\"formRequired\">(*)</strong></div>\r\n		<div class=\"formBody\">{last_name:body}<span class=\"formClr\">{last_name:validation}</span></div>\r\n		<div class=\"formDescription\">{last_name:description}</div>\r\n	</li>\r\n	<li class=\"rsform-block rsform-block-email\">\r\n		<div class=\"formCaption\">{email:caption}<strong class=\"formRequired\">(*)</strong></div>\r\n		<div class=\"formBody\">{email:body}<span class=\"formClr\">{email:validation}</span></div>\r\n		<div class=\"formDescription\">{email:description}</div>\r\n	</li>\r\n	<li class=\"rsform-block rsform-block-phone\">\r\n		<div class=\"formCaption\">{phone:caption}</div>\r\n		<div class=\"formBody\">{phone:body}<span class=\"formClr\">{phone:validation}</span></div>\r\n		<div class=\"formDescription\">{phone:description}</div>\r\n	</li>\r\n	<li class=\"rsform-block rsform-block-city\">\r\n		<div class=\"formCaption\">{city:caption}<strong class=\"formRequired\">(*)</strong></div>\r\n		<div class=\"formBody\">{city:body}<span class=\"formClr\">{city:validation}</span></div>\r\n		<div class=\"formDescription\">{city:description}</div>\r\n	</li>\r\n	<li class=\"rsform-block rsform-block-state\">\r\n		<div class=\"formCaption\">{state:caption}<strong class=\"formRequired\">(*)</strong></div>\r\n		<div class=\"formBody\">{state:body}<span class=\"formClr\">{state:validation}</span></div>\r\n		<div class=\"formDescription\">{state:description}</div>\r\n	</li>\r\n	<li class=\"rsform-block rsform-block-zip\">\r\n		<div class=\"formCaption\">{zip:caption}<strong class=\"formRequired\">(*)</strong></div>\r\n		<div class=\"formBody\">{zip:body}<span class=\"formClr\">{zip:validation}</span></div>\r\n		<div class=\"formDescription\">{zip:description}</div>\r\n	</li>\r\n\r\n<li class=\"heading\">\r\n<span style=\"color: #0066cc; font-size: 18px; font-weight: bold;\">Equipment Information</span>\r\n</li>\r\n\r\n	<li class=\"rsform-block rsform-block-manufacturer\">\r\n		<div class=\"formCaption\">{manufacturer:caption}</div>\r\n		<div class=\"formBody\">{manufacturer:body}<span class=\"formClr\">{manufacturer:validation}</span></div>\r\n		<div class=\"formDescription\">{manufacturer:description}</div>\r\n	</li>\r\n	<li class=\"rsform-block rsform-block-part-number\">\r\n		<div class=\"formCaption\">{part_number:caption}</div>\r\n		<div class=\"formBody\">{part_number:body}<span class=\"formClr\">{part_number:validation}</span></div>\r\n		<div class=\"formDescription\">{part_number:description}</div>\r\n	</li>\r\n	<li class=\"rsform-block rsform-block-condition\">\r\n		<div class=\"formCaption\">{condition:caption}</div>\r\n		<div class=\"formBody\">{condition:body}<span class=\"formClr\">{condition:validation}</span></div>\r\n		<div class=\"formDescription\">{condition:description}</div>\r\n	</li>\r\n	<li class=\"rsform-block rsform-block-date-available\">\r\n		<div class=\"formCaption\">{date_available:caption}</div>\r\n		<div class=\"formBody\">{date_available:body}<span class=\"formClr\">{date_available:validation}</span></div>\r\n		<div class=\"formDescription\">{date_available:description}</div>\r\n	</li>\r\n	<li class=\"rsform-block rsform-block-quantity\">\r\n		<div class=\"formCaption\">{quantity:caption}</div>\r\n		<div class=\"formBody\">{quantity:body}<span class=\"formClr\">{quantity:validation}</span></div>\r\n		<div class=\"formDescription\">{quantity:description}</div>\r\n	</li>\r\n	<li class=\"rsform-block rsform-block-equipment-location\">\r\n		<div class=\"formCaption\">{equipment_location:caption}</div>\r\n		<div class=\"formBody\">{equipment_location:body}<span class=\"formClr\">{equipment_location:validation}</span></div>\r\n		<div class=\"formDescription\">{equipment_location:description}</div>\r\n	</li>\r\n	<li class=\"rsform-block rsform-block-notes\">\r\n		<div class=\"formCaption\">{notes:caption}</div>\r\n		<div class=\"formBody\">{notes:body}<span class=\"formClr\">{notes:validation}</span></div>\r\n		<div class=\"formDescription\">{notes:description}</div>\r\n	</li>\r\n	<li class=\"rsform-block rsform-block-submit\">\r\n		<div class=\"formCaption\">{submit:caption}</div>\r\n		<div class=\"formBody\">{submit:body}<span class=\"formClr\">{submit:validation}</span></div>\r\n		<div class=\"formDescription\">{submit:description}</div>\r\n	</li>\r\n</ul>\r\n{form_name:body}{pos_asset_appraisal:body}{cd_accountkey:body}{cd_domain:body}\r\n<input type=\"hidden\" name=\"cd_visitorkey\" id=\"cd_visitorkey\" value=\"\" />\r\n{antispam:body}\r\n<div style=\"display:none\">\r\n{antispam_check:body}\r\n</div>','inline-xhtml','0','','','Trade In, Trade Up','1','1','en-GB','','1','<p>Thank you for your submission! We will contact you as soon as possible.</p>','1','<p>Thank you for contacting us. We will get back to you as soon as possible.</p>','','','','','','','','1','0','','{company:caption}: {company:value}\r\n<br /><br />\r\n{first_name:caption}: {first_name:value}\r\n<br /><br />\r\n{last_name:caption}: {last_name:value}\r\n<br /><br />\r\n{email:caption}: {email:value}\r\n<br /><br />\r\n{phone:caption}: {phone:value}\r\n<br /><br />\r\n{city:caption}: {city:value}\r\n<br /><br />\r\n{state:caption}: {state:value}\r\n<br /><br />\r\n{zip:caption}: {zip:value}\r\n<br /><br />\r\n{manufacturer:caption}: {manufacturer:value}\r\n<br /><br />\r\n{part_number:caption}: {part_number:value}\r\n<br /><br />\r\n{condition:caption}: {condition:value}\r\n<br /><br />\r\n{date_available:caption}: {date_available:value}\r\n<br /><br />\r\n{quantity:caption}: {quantity:value}\r\n<br /><br />\r\n{equipment_location:caption}: {equipment_location:value}\r\n<br /><br />\r\n{notes:caption}: {notes:value}\r\n<br /><br />','posrgleads@electriceasel.com','','','noreply@posrg.com','','POSRG','POS Asset Appraisal','1','$_POST[\'form\'][\'cd_visitorkey\'] = md5(time());','','','','','','0','','','(*)','<p class=\"formRed\">Please complete all required fields!</p>','\\n','1','','trade-in-trade-up','','','','0','','1','0','0' )]]></task>
	<task type="eval"><![CDATA[$GLOBALS['q_FormId'] = $db->insertid();]]></task>
	<task type="eval"><![CDATA[$GLOBALS['ComponentIds'] = array();]]></task>
	<task type="query"><![CDATA[INSERT  INTO `#__rsform_components` (`ComponentId`,`FormId`,`ComponentTypeId`,`Order`,`Published`) VALUES ('','{FormId}','1','1','1' )]]></task>
	<task type="eval"><![CDATA[$GLOBALS['q_ComponentId'] = $db->insertid();]]></task>
	<task type="query"><![CDATA[INSERT  INTO `#__rsform_properties` (`PropertyId`,`ComponentId`,`PropertyName`,`PropertyValue`) VALUES ('','{ComponentId}','ADDITIONALATTRIBUTES','' )]]></task>
	<task type="query"><![CDATA[INSERT  INTO `#__rsform_properties` (`PropertyId`,`ComponentId`,`PropertyName`,`PropertyValue`) VALUES ('','{ComponentId}','MAXSIZE','' )]]></task>
	<task type="query"><![CDATA[INSERT  INTO `#__rsform_properties` (`PropertyId`,`ComponentId`,`PropertyName`,`PropertyValue`) VALUES ('','{ComponentId}','SIZE','20' )]]></task>
	<task type="query"><![CDATA[INSERT  INTO `#__rsform_properties` (`PropertyId`,`ComponentId`,`PropertyName`,`PropertyValue`) VALUES ('','{ComponentId}','EMAILATTACH','' )]]></task>
	<task type="query"><![CDATA[INSERT  INTO `#__rsform_properties` (`PropertyId`,`ComponentId`,`PropertyName`,`PropertyValue`) VALUES ('','{ComponentId}','VALIDATIONMESSAGE','Invalid Input' )]]></task>
	<task type="query"><![CDATA[INSERT  INTO `#__rsform_properties` (`PropertyId`,`ComponentId`,`PropertyName`,`PropertyValue`) VALUES ('','{ComponentId}','VALIDATIONRULE','NoLinksInValue' )]]></task>
	<task type="query"><![CDATA[INSERT  INTO `#__rsform_properties` (`PropertyId`,`ComponentId`,`PropertyName`,`PropertyValue`) VALUES ('','{ComponentId}','REQUIRED','NO' )]]></task>
	<task type="query"><![CDATA[INSERT  INTO `#__rsform_properties` (`PropertyId`,`ComponentId`,`PropertyName`,`PropertyValue`) VALUES ('','{ComponentId}','VALIDATIONEXTRA','' )]]></task>
	<task type="query"><![CDATA[INSERT  INTO `#__rsform_properties` (`PropertyId`,`ComponentId`,`PropertyName`,`PropertyValue`) VALUES ('','{ComponentId}','DESCRIPTION','' )]]></task>
	<task type="query"><![CDATA[INSERT  INTO `#__rsform_properties` (`PropertyId`,`ComponentId`,`PropertyName`,`PropertyValue`) VALUES ('','{ComponentId}','DEFAULTVALUE','' )]]></task>
	<task type="query"><![CDATA[INSERT  INTO `#__rsform_properties` (`PropertyId`,`ComponentId`,`PropertyName`,`PropertyValue`) VALUES ('','{ComponentId}','CAPTION','Company' )]]></task>
	<task type="query"><![CDATA[INSERT  INTO `#__rsform_properties` (`PropertyId`,`ComponentId`,`PropertyName`,`PropertyValue`) VALUES ('','{ComponentId}','NAME','company' )]]></task>
	<task type="eval"><![CDATA[$GLOBALS['ComponentIds']['company'] = $GLOBALS['q_ComponentId'];]]></task>
	<task type="query"><![CDATA[INSERT  INTO `#__rsform_components` (`ComponentId`,`FormId`,`ComponentTypeId`,`Order`,`Published`) VALUES ('','{FormId}','1','2','1' )]]></task>
	<task type="eval"><![CDATA[$GLOBALS['q_ComponentId'] = $db->insertid();]]></task>
	<task type="query"><![CDATA[INSERT  INTO `#__rsform_properties` (`PropertyId`,`ComponentId`,`PropertyName`,`PropertyValue`) VALUES ('','{ComponentId}','NAME','first_name' )]]></task>
	<task type="query"><![CDATA[INSERT  INTO `#__rsform_properties` (`PropertyId`,`ComponentId`,`PropertyName`,`PropertyValue`) VALUES ('','{ComponentId}','CAPTION','First Name' )]]></task>
	<task type="query"><![CDATA[INSERT  INTO `#__rsform_properties` (`PropertyId`,`ComponentId`,`PropertyName`,`PropertyValue`) VALUES ('','{ComponentId}','DEFAULTVALUE','' )]]></task>
	<task type="query"><![CDATA[INSERT  INTO `#__rsform_properties` (`PropertyId`,`ComponentId`,`PropertyName`,`PropertyValue`) VALUES ('','{ComponentId}','DESCRIPTION','' )]]></task>
	<task type="query"><![CDATA[INSERT  INTO `#__rsform_properties` (`PropertyId`,`ComponentId`,`PropertyName`,`PropertyValue`) VALUES ('','{ComponentId}','REQUIRED','YES' )]]></task>
	<task type="query"><![CDATA[INSERT  INTO `#__rsform_properties` (`PropertyId`,`ComponentId`,`PropertyName`,`PropertyValue`) VALUES ('','{ComponentId}','VALIDATIONEXTRA','' )]]></task>
	<task type="query"><![CDATA[INSERT  INTO `#__rsform_properties` (`PropertyId`,`ComponentId`,`PropertyName`,`PropertyValue`) VALUES ('','{ComponentId}','VALIDATIONRULE','NoLinksInValue' )]]></task>
	<task type="query"><![CDATA[INSERT  INTO `#__rsform_properties` (`PropertyId`,`ComponentId`,`PropertyName`,`PropertyValue`) VALUES ('','{ComponentId}','VALIDATIONMESSAGE','Invalid Input' )]]></task>
	<task type="query"><![CDATA[INSERT  INTO `#__rsform_properties` (`PropertyId`,`ComponentId`,`PropertyName`,`PropertyValue`) VALUES ('','{ComponentId}','SIZE','20' )]]></task>
	<task type="query"><![CDATA[INSERT  INTO `#__rsform_properties` (`PropertyId`,`ComponentId`,`PropertyName`,`PropertyValue`) VALUES ('','{ComponentId}','MAXSIZE','' )]]></task>
	<task type="query"><![CDATA[INSERT  INTO `#__rsform_properties` (`PropertyId`,`ComponentId`,`PropertyName`,`PropertyValue`) VALUES ('','{ComponentId}','ADDITIONALATTRIBUTES','' )]]></task>
	<task type="query"><![CDATA[INSERT  INTO `#__rsform_properties` (`PropertyId`,`ComponentId`,`PropertyName`,`PropertyValue`) VALUES ('','{ComponentId}','EMAILATTACH','' )]]></task>
	<task type="eval"><![CDATA[$GLOBALS['ComponentIds']['first_name'] = $GLOBALS['q_ComponentId'];]]></task>
	<task type="query"><![CDATA[INSERT  INTO `#__rsform_components` (`ComponentId`,`FormId`,`ComponentTypeId`,`Order`,`Published`) VALUES ('','{FormId}','1','3','1' )]]></task>
	<task type="eval"><![CDATA[$GLOBALS['q_ComponentId'] = $db->insertid();]]></task>
	<task type="query"><![CDATA[INSERT  INTO `#__rsform_properties` (`PropertyId`,`ComponentId`,`PropertyName`,`PropertyValue`) VALUES ('','{ComponentId}','EMAILATTACH','' )]]></task>
	<task type="query"><![CDATA[INSERT  INTO `#__rsform_properties` (`PropertyId`,`ComponentId`,`PropertyName`,`PropertyValue`) VALUES ('','{ComponentId}','ADDITIONALATTRIBUTES','' )]]></task>
	<task type="query"><![CDATA[INSERT  INTO `#__rsform_properties` (`PropertyId`,`ComponentId`,`PropertyName`,`PropertyValue`) VALUES ('','{ComponentId}','MAXSIZE','' )]]></task>
	<task type="query"><![CDATA[INSERT  INTO `#__rsform_properties` (`PropertyId`,`ComponentId`,`PropertyName`,`PropertyValue`) VALUES ('','{ComponentId}','SIZE','20' )]]></task>
	<task type="query"><![CDATA[INSERT  INTO `#__rsform_properties` (`PropertyId`,`ComponentId`,`PropertyName`,`PropertyValue`) VALUES ('','{ComponentId}','VALIDATIONMESSAGE','Invalid Input' )]]></task>
	<task type="query"><![CDATA[INSERT  INTO `#__rsform_properties` (`PropertyId`,`ComponentId`,`PropertyName`,`PropertyValue`) VALUES ('','{ComponentId}','VALIDATIONRULE','NoLinksInValue' )]]></task>
	<task type="query"><![CDATA[INSERT  INTO `#__rsform_properties` (`PropertyId`,`ComponentId`,`PropertyName`,`PropertyValue`) VALUES ('','{ComponentId}','VALIDATIONEXTRA','' )]]></task>
	<task type="query"><![CDATA[INSERT  INTO `#__rsform_properties` (`PropertyId`,`ComponentId`,`PropertyName`,`PropertyValue`) VALUES ('','{ComponentId}','REQUIRED','YES' )]]></task>
	<task type="query"><![CDATA[INSERT  INTO `#__rsform_properties` (`PropertyId`,`ComponentId`,`PropertyName`,`PropertyValue`) VALUES ('','{ComponentId}','DESCRIPTION','' )]]></task>
	<task type="query"><![CDATA[INSERT  INTO `#__rsform_properties` (`PropertyId`,`ComponentId`,`PropertyName`,`PropertyValue`) VALUES ('','{ComponentId}','DEFAULTVALUE','' )]]></task>
	<task type="query"><![CDATA[INSERT  INTO `#__rsform_properties` (`PropertyId`,`ComponentId`,`PropertyName`,`PropertyValue`) VALUES ('','{ComponentId}','CAPTION','Last Name' )]]></task>
	<task type="query"><![CDATA[INSERT  INTO `#__rsform_properties` (`PropertyId`,`ComponentId`,`PropertyName`,`PropertyValue`) VALUES ('','{ComponentId}','NAME','last_name' )]]></task>
	<task type="eval"><![CDATA[$GLOBALS['ComponentIds']['last_name'] = $GLOBALS['q_ComponentId'];]]></task>
	<task type="query"><![CDATA[INSERT  INTO `#__rsform_components` (`ComponentId`,`FormId`,`ComponentTypeId`,`Order`,`Published`) VALUES ('','{FormId}','1','4','1' )]]></task>
	<task type="eval"><![CDATA[$GLOBALS['q_ComponentId'] = $db->insertid();]]></task>
	<task type="query"><![CDATA[INSERT  INTO `#__rsform_properties` (`PropertyId`,`ComponentId`,`PropertyName`,`PropertyValue`) VALUES ('','{ComponentId}','NAME','email' )]]></task>
	<task type="query"><![CDATA[INSERT  INTO `#__rsform_properties` (`PropertyId`,`ComponentId`,`PropertyName`,`PropertyValue`) VALUES ('','{ComponentId}','CAPTION','Email Address' )]]></task>
	<task type="query"><![CDATA[INSERT  INTO `#__rsform_properties` (`PropertyId`,`ComponentId`,`PropertyName`,`PropertyValue`) VALUES ('','{ComponentId}','DEFAULTVALUE','' )]]></task>
	<task type="query"><![CDATA[INSERT  INTO `#__rsform_properties` (`PropertyId`,`ComponentId`,`PropertyName`,`PropertyValue`) VALUES ('','{ComponentId}','DESCRIPTION','' )]]></task>
	<task type="query"><![CDATA[INSERT  INTO `#__rsform_properties` (`PropertyId`,`ComponentId`,`PropertyName`,`PropertyValue`) VALUES ('','{ComponentId}','REQUIRED','YES' )]]></task>
	<task type="query"><![CDATA[INSERT  INTO `#__rsform_properties` (`PropertyId`,`ComponentId`,`PropertyName`,`PropertyValue`) VALUES ('','{ComponentId}','VALIDATIONEXTRA','' )]]></task>
	<task type="query"><![CDATA[INSERT  INTO `#__rsform_properties` (`PropertyId`,`ComponentId`,`PropertyName`,`PropertyValue`) VALUES ('','{ComponentId}','VALIDATIONRULE','email' )]]></task>
	<task type="query"><![CDATA[INSERT  INTO `#__rsform_properties` (`PropertyId`,`ComponentId`,`PropertyName`,`PropertyValue`) VALUES ('','{ComponentId}','VALIDATIONMESSAGE','Invalid Input' )]]></task>
	<task type="query"><![CDATA[INSERT  INTO `#__rsform_properties` (`PropertyId`,`ComponentId`,`PropertyName`,`PropertyValue`) VALUES ('','{ComponentId}','SIZE','20' )]]></task>
	<task type="query"><![CDATA[INSERT  INTO `#__rsform_properties` (`PropertyId`,`ComponentId`,`PropertyName`,`PropertyValue`) VALUES ('','{ComponentId}','MAXSIZE','' )]]></task>
	<task type="query"><![CDATA[INSERT  INTO `#__rsform_properties` (`PropertyId`,`ComponentId`,`PropertyName`,`PropertyValue`) VALUES ('','{ComponentId}','ADDITIONALATTRIBUTES','' )]]></task>
	<task type="query"><![CDATA[INSERT  INTO `#__rsform_properties` (`PropertyId`,`ComponentId`,`PropertyName`,`PropertyValue`) VALUES ('','{ComponentId}','EMAILATTACH','' )]]></task>
	<task type="eval"><![CDATA[$GLOBALS['ComponentIds']['email'] = $GLOBALS['q_ComponentId'];]]></task>
	<task type="query"><![CDATA[INSERT  INTO `#__rsform_components` (`ComponentId`,`FormId`,`ComponentTypeId`,`Order`,`Published`) VALUES ('','{FormId}','1','5','1' )]]></task>
	<task type="eval"><![CDATA[$GLOBALS['q_ComponentId'] = $db->insertid();]]></task>
	<task type="query"><![CDATA[INSERT  INTO `#__rsform_properties` (`PropertyId`,`ComponentId`,`PropertyName`,`PropertyValue`) VALUES ('','{ComponentId}','NAME','phone' )]]></task>
	<task type="query"><![CDATA[INSERT  INTO `#__rsform_properties` (`PropertyId`,`ComponentId`,`PropertyName`,`PropertyValue`) VALUES ('','{ComponentId}','CAPTION','Telephone' )]]></task>
	<task type="query"><![CDATA[INSERT  INTO `#__rsform_properties` (`PropertyId`,`ComponentId`,`PropertyName`,`PropertyValue`) VALUES ('','{ComponentId}','DEFAULTVALUE','' )]]></task>
	<task type="query"><![CDATA[INSERT  INTO `#__rsform_properties` (`PropertyId`,`ComponentId`,`PropertyName`,`PropertyValue`) VALUES ('','{ComponentId}','DESCRIPTION','' )]]></task>
	<task type="query"><![CDATA[INSERT  INTO `#__rsform_properties` (`PropertyId`,`ComponentId`,`PropertyName`,`PropertyValue`) VALUES ('','{ComponentId}','REQUIRED','NO' )]]></task>
	<task type="query"><![CDATA[INSERT  INTO `#__rsform_properties` (`PropertyId`,`ComponentId`,`PropertyName`,`PropertyValue`) VALUES ('','{ComponentId}','VALIDATIONEXTRA','' )]]></task>
	<task type="query"><![CDATA[INSERT  INTO `#__rsform_properties` (`PropertyId`,`ComponentId`,`PropertyName`,`PropertyValue`) VALUES ('','{ComponentId}','VALIDATIONRULE','NoLinksInValue' )]]></task>
	<task type="query"><![CDATA[INSERT  INTO `#__rsform_properties` (`PropertyId`,`ComponentId`,`PropertyName`,`PropertyValue`) VALUES ('','{ComponentId}','VALIDATIONMESSAGE','Invalid Input' )]]></task>
	<task type="query"><![CDATA[INSERT  INTO `#__rsform_properties` (`PropertyId`,`ComponentId`,`PropertyName`,`PropertyValue`) VALUES ('','{ComponentId}','SIZE','20' )]]></task>
	<task type="query"><![CDATA[INSERT  INTO `#__rsform_properties` (`PropertyId`,`ComponentId`,`PropertyName`,`PropertyValue`) VALUES ('','{ComponentId}','MAXSIZE','' )]]></task>
	<task type="query"><![CDATA[INSERT  INTO `#__rsform_properties` (`PropertyId`,`ComponentId`,`PropertyName`,`PropertyValue`) VALUES ('','{ComponentId}','ADDITIONALATTRIBUTES','' )]]></task>
	<task type="query"><![CDATA[INSERT  INTO `#__rsform_properties` (`PropertyId`,`ComponentId`,`PropertyName`,`PropertyValue`) VALUES ('','{ComponentId}','EMAILATTACH','' )]]></task>
	<task type="eval"><![CDATA[$GLOBALS['ComponentIds']['phone'] = $GLOBALS['q_ComponentId'];]]></task>
	<task type="query"><![CDATA[INSERT  INTO `#__rsform_components` (`ComponentId`,`FormId`,`ComponentTypeId`,`Order`,`Published`) VALUES ('','{FormId}','1','6','1' )]]></task>
	<task type="eval"><![CDATA[$GLOBALS['q_ComponentId'] = $db->insertid();]]></task>
	<task type="query"><![CDATA[INSERT  INTO `#__rsform_properties` (`PropertyId`,`ComponentId`,`PropertyName`,`PropertyValue`) VALUES ('','{ComponentId}','NAME','city' )]]></task>
	<task type="query"><![CDATA[INSERT  INTO `#__rsform_properties` (`PropertyId`,`ComponentId`,`PropertyName`,`PropertyValue`) VALUES ('','{ComponentId}','CAPTION','City' )]]></task>
	<task type="query"><![CDATA[INSERT  INTO `#__rsform_properties` (`PropertyId`,`ComponentId`,`PropertyName`,`PropertyValue`) VALUES ('','{ComponentId}','DEFAULTVALUE','' )]]></task>
	<task type="query"><![CDATA[INSERT  INTO `#__rsform_properties` (`PropertyId`,`ComponentId`,`PropertyName`,`PropertyValue`) VALUES ('','{ComponentId}','DESCRIPTION','' )]]></task>
	<task type="query"><![CDATA[INSERT  INTO `#__rsform_properties` (`PropertyId`,`ComponentId`,`PropertyName`,`PropertyValue`) VALUES ('','{ComponentId}','REQUIRED','YES' )]]></task>
	<task type="query"><![CDATA[INSERT  INTO `#__rsform_properties` (`PropertyId`,`ComponentId`,`PropertyName`,`PropertyValue`) VALUES ('','{ComponentId}','VALIDATIONEXTRA','' )]]></task>
	<task type="query"><![CDATA[INSERT  INTO `#__rsform_properties` (`PropertyId`,`ComponentId`,`PropertyName`,`PropertyValue`) VALUES ('','{ComponentId}','VALIDATIONRULE','NoLinksInValue' )]]></task>
	<task type="query"><![CDATA[INSERT  INTO `#__rsform_properties` (`PropertyId`,`ComponentId`,`PropertyName`,`PropertyValue`) VALUES ('','{ComponentId}','VALIDATIONMESSAGE','Invalid Input' )]]></task>
	<task type="query"><![CDATA[INSERT  INTO `#__rsform_properties` (`PropertyId`,`ComponentId`,`PropertyName`,`PropertyValue`) VALUES ('','{ComponentId}','SIZE','20' )]]></task>
	<task type="query"><![CDATA[INSERT  INTO `#__rsform_properties` (`PropertyId`,`ComponentId`,`PropertyName`,`PropertyValue`) VALUES ('','{ComponentId}','MAXSIZE','' )]]></task>
	<task type="query"><![CDATA[INSERT  INTO `#__rsform_properties` (`PropertyId`,`ComponentId`,`PropertyName`,`PropertyValue`) VALUES ('','{ComponentId}','ADDITIONALATTRIBUTES','' )]]></task>
	<task type="query"><![CDATA[INSERT  INTO `#__rsform_properties` (`PropertyId`,`ComponentId`,`PropertyName`,`PropertyValue`) VALUES ('','{ComponentId}','EMAILATTACH','' )]]></task>
	<task type="eval"><![CDATA[$GLOBALS['ComponentIds']['city'] = $GLOBALS['q_ComponentId'];]]></task>
	<task type="query"><![CDATA[INSERT  INTO `#__rsform_components` (`ComponentId`,`FormId`,`ComponentTypeId`,`Order`,`Published`) VALUES ('','{FormId}','3','7','1' )]]></task>
	<task type="eval"><![CDATA[$GLOBALS['q_ComponentId'] = $db->insertid();]]></task>
	<task type="query"><![CDATA[INSERT  INTO `#__rsform_properties` (`PropertyId`,`ComponentId`,`PropertyName`,`PropertyValue`) VALUES ('','{ComponentId}','NAME','state' )]]></task>
	<task type="query"><![CDATA[INSERT  INTO `#__rsform_properties` (`PropertyId`,`ComponentId`,`PropertyName`,`PropertyValue`) VALUES ('','{ComponentId}','CAPTION','State' )]]></task>
	<task type="query"><![CDATA[INSERT  INTO `#__rsform_properties` (`PropertyId`,`ComponentId`,`PropertyName`,`PropertyValue`) VALUES ('','{ComponentId}','ITEMS','0|Select a State\r\nAL|Alabama\r\nAK|Alaska\r\nAZ|Arizona\r\nAR|Arkansas\r\nCA|California\r\nCO|Colorado\r\nCT|Connecticut\r\nDE|Delaware\r\nDC|District Of Columbia\r\nFL|Florida\r\nGA|Georgia\r\nHI|Hawaii\r\nID|Idaho\r\nIL|Illinois\r\nIN|Indiana\r\nIA|Iowa\r\nKS|Kansas\r\nKY|Kentucky\r\nLA|Louisiana\r\nME|Maine\r\nMD|Maryland\r\nMA|Massachusetts\r\nMI|Michigan\r\nMN|Minnesota\r\nMS|Mississippi\r\nMO|Missouri\r\nMT|Montana\r\nNE|Nebraska\r\nNV|Nevada\r\nNH|New Hampshire\r\nNJ|New Jersey\r\nNM|New Mexico\r\nNY|New York\r\nNC|North Carolina\r\nND|North Dakota\r\nOH|Ohio\r\nOK|Oklahoma\r\nOR|Oregon\r\nPA|Pennsylvania\r\nRI|Rhode Island\r\nSC|South Carolina\r\nSD|South Dakota\r\nTN|Tennessee\r\nTX|Texas\r\nUT|Utah\r\nVT|Vermont\r\nVA|Virginia\r\nWA|Washington\r\nWV|West Virginia\r\nWI|Wisconsin\r\nWY|Wyoming' )]]></task>
	<task type="query"><![CDATA[INSERT  INTO `#__rsform_properties` (`PropertyId`,`ComponentId`,`PropertyName`,`PropertyValue`) VALUES ('','{ComponentId}','DESCRIPTION','' )]]></task>
	<task type="query"><![CDATA[INSERT  INTO `#__rsform_properties` (`PropertyId`,`ComponentId`,`PropertyName`,`PropertyValue`) VALUES ('','{ComponentId}','REQUIRED','YES' )]]></task>
	<task type="query"><![CDATA[INSERT  INTO `#__rsform_properties` (`PropertyId`,`ComponentId`,`PropertyName`,`PropertyValue`) VALUES ('','{ComponentId}','VALIDATIONMESSAGE','Invalid Input' )]]></task>
	<task type="query"><![CDATA[INSERT  INTO `#__rsform_properties` (`PropertyId`,`ComponentId`,`PropertyName`,`PropertyValue`) VALUES ('','{ComponentId}','SIZE','' )]]></task>
	<task type="query"><![CDATA[INSERT  INTO `#__rsform_properties` (`PropertyId`,`ComponentId`,`PropertyName`,`PropertyValue`) VALUES ('','{ComponentId}','MULTIPLE','NO' )]]></task>
	<task type="query"><![CDATA[INSERT  INTO `#__rsform_properties` (`PropertyId`,`ComponentId`,`PropertyName`,`PropertyValue`) VALUES ('','{ComponentId}','ADDITIONALATTRIBUTES','' )]]></task>
	<task type="query"><![CDATA[INSERT  INTO `#__rsform_properties` (`PropertyId`,`ComponentId`,`PropertyName`,`PropertyValue`) VALUES ('','{ComponentId}','EMAILATTACH','' )]]></task>
	<task type="eval"><![CDATA[$GLOBALS['ComponentIds']['state'] = $GLOBALS['q_ComponentId'];]]></task>
	<task type="query"><![CDATA[INSERT  INTO `#__rsform_components` (`ComponentId`,`FormId`,`ComponentTypeId`,`Order`,`Published`) VALUES ('','{FormId}','1','8','1' )]]></task>
	<task type="eval"><![CDATA[$GLOBALS['q_ComponentId'] = $db->insertid();]]></task>
	<task type="query"><![CDATA[INSERT  INTO `#__rsform_properties` (`PropertyId`,`ComponentId`,`PropertyName`,`PropertyValue`) VALUES ('','{ComponentId}','NAME','zip' )]]></task>
	<task type="query"><![CDATA[INSERT  INTO `#__rsform_properties` (`PropertyId`,`ComponentId`,`PropertyName`,`PropertyValue`) VALUES ('','{ComponentId}','CAPTION','Zip' )]]></task>
	<task type="query"><![CDATA[INSERT  INTO `#__rsform_properties` (`PropertyId`,`ComponentId`,`PropertyName`,`PropertyValue`) VALUES ('','{ComponentId}','DEFAULTVALUE','' )]]></task>
	<task type="query"><![CDATA[INSERT  INTO `#__rsform_properties` (`PropertyId`,`ComponentId`,`PropertyName`,`PropertyValue`) VALUES ('','{ComponentId}','DESCRIPTION','' )]]></task>
	<task type="query"><![CDATA[INSERT  INTO `#__rsform_properties` (`PropertyId`,`ComponentId`,`PropertyName`,`PropertyValue`) VALUES ('','{ComponentId}','REQUIRED','YES' )]]></task>
	<task type="query"><![CDATA[INSERT  INTO `#__rsform_properties` (`PropertyId`,`ComponentId`,`PropertyName`,`PropertyValue`) VALUES ('','{ComponentId}','VALIDATIONEXTRA','' )]]></task>
	<task type="query"><![CDATA[INSERT  INTO `#__rsform_properties` (`PropertyId`,`ComponentId`,`PropertyName`,`PropertyValue`) VALUES ('','{ComponentId}','VALIDATIONRULE','NoLinksInValue' )]]></task>
	<task type="query"><![CDATA[INSERT  INTO `#__rsform_properties` (`PropertyId`,`ComponentId`,`PropertyName`,`PropertyValue`) VALUES ('','{ComponentId}','VALIDATIONMESSAGE','Invalid Input' )]]></task>
	<task type="query"><![CDATA[INSERT  INTO `#__rsform_properties` (`PropertyId`,`ComponentId`,`PropertyName`,`PropertyValue`) VALUES ('','{ComponentId}','SIZE','20' )]]></task>
	<task type="query"><![CDATA[INSERT  INTO `#__rsform_properties` (`PropertyId`,`ComponentId`,`PropertyName`,`PropertyValue`) VALUES ('','{ComponentId}','MAXSIZE','' )]]></task>
	<task type="query"><![CDATA[INSERT  INTO `#__rsform_properties` (`PropertyId`,`ComponentId`,`PropertyName`,`PropertyValue`) VALUES ('','{ComponentId}','ADDITIONALATTRIBUTES','' )]]></task>
	<task type="query"><![CDATA[INSERT  INTO `#__rsform_properties` (`PropertyId`,`ComponentId`,`PropertyName`,`PropertyValue`) VALUES ('','{ComponentId}','EMAILATTACH','' )]]></task>
	<task type="eval"><![CDATA[$GLOBALS['ComponentIds']['zip'] = $GLOBALS['q_ComponentId'];]]></task>
	<task type="query"><![CDATA[INSERT  INTO `#__rsform_components` (`ComponentId`,`FormId`,`ComponentTypeId`,`Order`,`Published`) VALUES ('','{FormId}','1','9','1' )]]></task>
	<task type="eval"><![CDATA[$GLOBALS['q_ComponentId'] = $db->insertid();]]></task>
	<task type="query"><![CDATA[INSERT  INTO `#__rsform_properties` (`PropertyId`,`ComponentId`,`PropertyName`,`PropertyValue`) VALUES ('','{ComponentId}','NAME','manufacturer' )]]></task>
	<task type="query"><![CDATA[INSERT  INTO `#__rsform_properties` (`PropertyId`,`ComponentId`,`PropertyName`,`PropertyValue`) VALUES ('','{ComponentId}','CAPTION','Manufacturer' )]]></task>
	<task type="query"><![CDATA[INSERT  INTO `#__rsform_properties` (`PropertyId`,`ComponentId`,`PropertyName`,`PropertyValue`) VALUES ('','{ComponentId}','DEFAULTVALUE','' )]]></task>
	<task type="query"><![CDATA[INSERT  INTO `#__rsform_properties` (`PropertyId`,`ComponentId`,`PropertyName`,`PropertyValue`) VALUES ('','{ComponentId}','DESCRIPTION','' )]]></task>
	<task type="query"><![CDATA[INSERT  INTO `#__rsform_properties` (`PropertyId`,`ComponentId`,`PropertyName`,`PropertyValue`) VALUES ('','{ComponentId}','REQUIRED','NO' )]]></task>
	<task type="query"><![CDATA[INSERT  INTO `#__rsform_properties` (`PropertyId`,`ComponentId`,`PropertyName`,`PropertyValue`) VALUES ('','{ComponentId}','VALIDATIONEXTRA','' )]]></task>
	<task type="query"><![CDATA[INSERT  INTO `#__rsform_properties` (`PropertyId`,`ComponentId`,`PropertyName`,`PropertyValue`) VALUES ('','{ComponentId}','VALIDATIONRULE','NoLinksInValue' )]]></task>
	<task type="query"><![CDATA[INSERT  INTO `#__rsform_properties` (`PropertyId`,`ComponentId`,`PropertyName`,`PropertyValue`) VALUES ('','{ComponentId}','VALIDATIONMESSAGE','Invalid Input' )]]></task>
	<task type="query"><![CDATA[INSERT  INTO `#__rsform_properties` (`PropertyId`,`ComponentId`,`PropertyName`,`PropertyValue`) VALUES ('','{ComponentId}','SIZE','20' )]]></task>
	<task type="query"><![CDATA[INSERT  INTO `#__rsform_properties` (`PropertyId`,`ComponentId`,`PropertyName`,`PropertyValue`) VALUES ('','{ComponentId}','MAXSIZE','' )]]></task>
	<task type="query"><![CDATA[INSERT  INTO `#__rsform_properties` (`PropertyId`,`ComponentId`,`PropertyName`,`PropertyValue`) VALUES ('','{ComponentId}','ADDITIONALATTRIBUTES','' )]]></task>
	<task type="query"><![CDATA[INSERT  INTO `#__rsform_properties` (`PropertyId`,`ComponentId`,`PropertyName`,`PropertyValue`) VALUES ('','{ComponentId}','EMAILATTACH','' )]]></task>
	<task type="eval"><![CDATA[$GLOBALS['ComponentIds']['manufacturer'] = $GLOBALS['q_ComponentId'];]]></task>
	<task type="query"><![CDATA[INSERT  INTO `#__rsform_components` (`ComponentId`,`FormId`,`ComponentTypeId`,`Order`,`Published`) VALUES ('','{FormId}','1','10','1' )]]></task>
	<task type="eval"><![CDATA[$GLOBALS['q_ComponentId'] = $db->insertid();]]></task>
	<task type="query"><![CDATA[INSERT  INTO `#__rsform_properties` (`PropertyId`,`ComponentId`,`PropertyName`,`PropertyValue`) VALUES ('','{ComponentId}','NAME','part_number' )]]></task>
	<task type="query"><![CDATA[INSERT  INTO `#__rsform_properties` (`PropertyId`,`ComponentId`,`PropertyName`,`PropertyValue`) VALUES ('','{ComponentId}','CAPTION','Part / Model Number' )]]></task>
	<task type="query"><![CDATA[INSERT  INTO `#__rsform_properties` (`PropertyId`,`ComponentId`,`PropertyName`,`PropertyValue`) VALUES ('','{ComponentId}','DEFAULTVALUE','' )]]></task>
	<task type="query"><![CDATA[INSERT  INTO `#__rsform_properties` (`PropertyId`,`ComponentId`,`PropertyName`,`PropertyValue`) VALUES ('','{ComponentId}','DESCRIPTION','' )]]></task>
	<task type="query"><![CDATA[INSERT  INTO `#__rsform_properties` (`PropertyId`,`ComponentId`,`PropertyName`,`PropertyValue`) VALUES ('','{ComponentId}','REQUIRED','NO' )]]></task>
	<task type="query"><![CDATA[INSERT  INTO `#__rsform_properties` (`PropertyId`,`ComponentId`,`PropertyName`,`PropertyValue`) VALUES ('','{ComponentId}','VALIDATIONEXTRA','' )]]></task>
	<task type="query"><![CDATA[INSERT  INTO `#__rsform_properties` (`PropertyId`,`ComponentId`,`PropertyName`,`PropertyValue`) VALUES ('','{ComponentId}','VALIDATIONRULE','NoLinksInValue' )]]></task>
	<task type="query"><![CDATA[INSERT  INTO `#__rsform_properties` (`PropertyId`,`ComponentId`,`PropertyName`,`PropertyValue`) VALUES ('','{ComponentId}','VALIDATIONMESSAGE','Invalid Input' )]]></task>
	<task type="query"><![CDATA[INSERT  INTO `#__rsform_properties` (`PropertyId`,`ComponentId`,`PropertyName`,`PropertyValue`) VALUES ('','{ComponentId}','SIZE','20' )]]></task>
	<task type="query"><![CDATA[INSERT  INTO `#__rsform_properties` (`PropertyId`,`ComponentId`,`PropertyName`,`PropertyValue`) VALUES ('','{ComponentId}','MAXSIZE','' )]]></task>
	<task type="query"><![CDATA[INSERT  INTO `#__rsform_properties` (`PropertyId`,`ComponentId`,`PropertyName`,`PropertyValue`) VALUES ('','{ComponentId}','ADDITIONALATTRIBUTES','' )]]></task>
	<task type="query"><![CDATA[INSERT  INTO `#__rsform_properties` (`PropertyId`,`ComponentId`,`PropertyName`,`PropertyValue`) VALUES ('','{ComponentId}','EMAILATTACH','' )]]></task>
	<task type="eval"><![CDATA[$GLOBALS['ComponentIds']['part_number'] = $GLOBALS['q_ComponentId'];]]></task>
	<task type="query"><![CDATA[INSERT  INTO `#__rsform_components` (`ComponentId`,`FormId`,`ComponentTypeId`,`Order`,`Published`) VALUES ('','{FormId}','1','11','1' )]]></task>
	<task type="eval"><![CDATA[$GLOBALS['q_ComponentId'] = $db->insertid();]]></task>
	<task type="query"><![CDATA[INSERT  INTO `#__rsform_properties` (`PropertyId`,`ComponentId`,`PropertyName`,`PropertyValue`) VALUES ('','{ComponentId}','NAME','condition' )]]></task>
	<task type="query"><![CDATA[INSERT  INTO `#__rsform_properties` (`PropertyId`,`ComponentId`,`PropertyName`,`PropertyValue`) VALUES ('','{ComponentId}','CAPTION','Condition' )]]></task>
	<task type="query"><![CDATA[INSERT  INTO `#__rsform_properties` (`PropertyId`,`ComponentId`,`PropertyName`,`PropertyValue`) VALUES ('','{ComponentId}','DEFAULTVALUE','' )]]></task>
	<task type="query"><![CDATA[INSERT  INTO `#__rsform_properties` (`PropertyId`,`ComponentId`,`PropertyName`,`PropertyValue`) VALUES ('','{ComponentId}','DESCRIPTION','' )]]></task>
	<task type="query"><![CDATA[INSERT  INTO `#__rsform_properties` (`PropertyId`,`ComponentId`,`PropertyName`,`PropertyValue`) VALUES ('','{ComponentId}','REQUIRED','NO' )]]></task>
	<task type="query"><![CDATA[INSERT  INTO `#__rsform_properties` (`PropertyId`,`ComponentId`,`PropertyName`,`PropertyValue`) VALUES ('','{ComponentId}','VALIDATIONEXTRA','' )]]></task>
	<task type="query"><![CDATA[INSERT  INTO `#__rsform_properties` (`PropertyId`,`ComponentId`,`PropertyName`,`PropertyValue`) VALUES ('','{ComponentId}','VALIDATIONRULE','NoLinksInValue' )]]></task>
	<task type="query"><![CDATA[INSERT  INTO `#__rsform_properties` (`PropertyId`,`ComponentId`,`PropertyName`,`PropertyValue`) VALUES ('','{ComponentId}','VALIDATIONMESSAGE','Invalid Input' )]]></task>
	<task type="query"><![CDATA[INSERT  INTO `#__rsform_properties` (`PropertyId`,`ComponentId`,`PropertyName`,`PropertyValue`) VALUES ('','{ComponentId}','SIZE','20' )]]></task>
	<task type="query"><![CDATA[INSERT  INTO `#__rsform_properties` (`PropertyId`,`ComponentId`,`PropertyName`,`PropertyValue`) VALUES ('','{ComponentId}','MAXSIZE','' )]]></task>
	<task type="query"><![CDATA[INSERT  INTO `#__rsform_properties` (`PropertyId`,`ComponentId`,`PropertyName`,`PropertyValue`) VALUES ('','{ComponentId}','ADDITIONALATTRIBUTES','' )]]></task>
	<task type="query"><![CDATA[INSERT  INTO `#__rsform_properties` (`PropertyId`,`ComponentId`,`PropertyName`,`PropertyValue`) VALUES ('','{ComponentId}','EMAILATTACH','' )]]></task>
	<task type="eval"><![CDATA[$GLOBALS['ComponentIds']['condition'] = $GLOBALS['q_ComponentId'];]]></task>
	<task type="query"><![CDATA[INSERT  INTO `#__rsform_components` (`ComponentId`,`FormId`,`ComponentTypeId`,`Order`,`Published`) VALUES ('','{FormId}','6','12','1' )]]></task>
	<task type="eval"><![CDATA[$GLOBALS['q_ComponentId'] = $db->insertid();]]></task>
	<task type="query"><![CDATA[INSERT  INTO `#__rsform_properties` (`PropertyId`,`ComponentId`,`PropertyName`,`PropertyValue`) VALUES ('','{ComponentId}','NAME','date_available' )]]></task>
	<task type="query"><![CDATA[INSERT  INTO `#__rsform_properties` (`PropertyId`,`ComponentId`,`PropertyName`,`PropertyValue`) VALUES ('','{ComponentId}','DEFAULTVALUE','' )]]></task>
	<task type="query"><![CDATA[INSERT  INTO `#__rsform_properties` (`PropertyId`,`ComponentId`,`PropertyName`,`PropertyValue`) VALUES ('','{ComponentId}','CAPTION','Date Available' )]]></task>
	<task type="query"><![CDATA[INSERT  INTO `#__rsform_properties` (`PropertyId`,`ComponentId`,`PropertyName`,`PropertyValue`) VALUES ('','{ComponentId}','DESCRIPTION','' )]]></task>
	<task type="query"><![CDATA[INSERT  INTO `#__rsform_properties` (`PropertyId`,`ComponentId`,`PropertyName`,`PropertyValue`) VALUES ('','{ComponentId}','REQUIRED','NO' )]]></task>
	<task type="query"><![CDATA[INSERT  INTO `#__rsform_properties` (`PropertyId`,`ComponentId`,`PropertyName`,`PropertyValue`) VALUES ('','{ComponentId}','VALIDATIONCALENDAR','' )]]></task>
	<task type="query"><![CDATA[INSERT  INTO `#__rsform_properties` (`PropertyId`,`ComponentId`,`PropertyName`,`PropertyValue`) VALUES ('','{ComponentId}','VALIDATIONMESSAGE','Invalid Input' )]]></task>
	<task type="query"><![CDATA[INSERT  INTO `#__rsform_properties` (`PropertyId`,`ComponentId`,`PropertyName`,`PropertyValue`) VALUES ('','{ComponentId}','DATEFORMAT','m/d/yyyy' )]]></task>
	<task type="query"><![CDATA[INSERT  INTO `#__rsform_properties` (`PropertyId`,`ComponentId`,`PropertyName`,`PropertyValue`) VALUES ('','{ComponentId}','MAXDATE','' )]]></task>
	<task type="query"><![CDATA[INSERT  INTO `#__rsform_properties` (`PropertyId`,`ComponentId`,`PropertyName`,`PropertyValue`) VALUES ('','{ComponentId}','MINDATE','' )]]></task>
	<task type="query"><![CDATA[INSERT  INTO `#__rsform_properties` (`PropertyId`,`ComponentId`,`PropertyName`,`PropertyValue`) VALUES ('','{ComponentId}','CALENDARLAYOUT','POPUP' )]]></task>
	<task type="query"><![CDATA[INSERT  INTO `#__rsform_properties` (`PropertyId`,`ComponentId`,`PropertyName`,`PropertyValue`) VALUES ('','{ComponentId}','READONLY','YES' )]]></task>
	<task type="query"><![CDATA[INSERT  INTO `#__rsform_properties` (`PropertyId`,`ComponentId`,`PropertyName`,`PropertyValue`) VALUES ('','{ComponentId}','POPUPLABEL','...' )]]></task>
	<task type="query"><![CDATA[INSERT  INTO `#__rsform_properties` (`PropertyId`,`ComponentId`,`PropertyName`,`PropertyValue`) VALUES ('','{ComponentId}','ADDITIONALATTRIBUTES','' )]]></task>
	<task type="query"><![CDATA[INSERT  INTO `#__rsform_properties` (`PropertyId`,`ComponentId`,`PropertyName`,`PropertyValue`) VALUES ('','{ComponentId}','EMAILATTACH','' )]]></task>
	<task type="eval"><![CDATA[$GLOBALS['ComponentIds']['date_available'] = $GLOBALS['q_ComponentId'];]]></task>
	<task type="query"><![CDATA[INSERT  INTO `#__rsform_components` (`ComponentId`,`FormId`,`ComponentTypeId`,`Order`,`Published`) VALUES ('','{FormId}','1','13','1' )]]></task>
	<task type="eval"><![CDATA[$GLOBALS['q_ComponentId'] = $db->insertid();]]></task>
	<task type="query"><![CDATA[INSERT  INTO `#__rsform_properties` (`PropertyId`,`ComponentId`,`PropertyName`,`PropertyValue`) VALUES ('','{ComponentId}','NAME','quantity' )]]></task>
	<task type="query"><![CDATA[INSERT  INTO `#__rsform_properties` (`PropertyId`,`ComponentId`,`PropertyName`,`PropertyValue`) VALUES ('','{ComponentId}','CAPTION','Quantity' )]]></task>
	<task type="query"><![CDATA[INSERT  INTO `#__rsform_properties` (`PropertyId`,`ComponentId`,`PropertyName`,`PropertyValue`) VALUES ('','{ComponentId}','DEFAULTVALUE','' )]]></task>
	<task type="query"><![CDATA[INSERT  INTO `#__rsform_properties` (`PropertyId`,`ComponentId`,`PropertyName`,`PropertyValue`) VALUES ('','{ComponentId}','DESCRIPTION','' )]]></task>
	<task type="query"><![CDATA[INSERT  INTO `#__rsform_properties` (`PropertyId`,`ComponentId`,`PropertyName`,`PropertyValue`) VALUES ('','{ComponentId}','REQUIRED','NO' )]]></task>
	<task type="query"><![CDATA[INSERT  INTO `#__rsform_properties` (`PropertyId`,`ComponentId`,`PropertyName`,`PropertyValue`) VALUES ('','{ComponentId}','VALIDATIONEXTRA','' )]]></task>
	<task type="query"><![CDATA[INSERT  INTO `#__rsform_properties` (`PropertyId`,`ComponentId`,`PropertyName`,`PropertyValue`) VALUES ('','{ComponentId}','VALIDATIONRULE','NoLinksInValue' )]]></task>
	<task type="query"><![CDATA[INSERT  INTO `#__rsform_properties` (`PropertyId`,`ComponentId`,`PropertyName`,`PropertyValue`) VALUES ('','{ComponentId}','VALIDATIONMESSAGE','Invalid Input' )]]></task>
	<task type="query"><![CDATA[INSERT  INTO `#__rsform_properties` (`PropertyId`,`ComponentId`,`PropertyName`,`PropertyValue`) VALUES ('','{ComponentId}','SIZE','20' )]]></task>
	<task type="query"><![CDATA[INSERT  INTO `#__rsform_properties` (`PropertyId`,`ComponentId`,`PropertyName`,`PropertyValue`) VALUES ('','{ComponentId}','MAXSIZE','' )]]></task>
	<task type="query"><![CDATA[INSERT  INTO `#__rsform_properties` (`PropertyId`,`ComponentId`,`PropertyName`,`PropertyValue`) VALUES ('','{ComponentId}','ADDITIONALATTRIBUTES','' )]]></task>
	<task type="query"><![CDATA[INSERT  INTO `#__rsform_properties` (`PropertyId`,`ComponentId`,`PropertyName`,`PropertyValue`) VALUES ('','{ComponentId}','EMAILATTACH','' )]]></task>
	<task type="eval"><![CDATA[$GLOBALS['ComponentIds']['quantity'] = $GLOBALS['q_ComponentId'];]]></task>
	<task type="query"><![CDATA[INSERT  INTO `#__rsform_components` (`ComponentId`,`FormId`,`ComponentTypeId`,`Order`,`Published`) VALUES ('','{FormId}','2','15','1' )]]></task>
	<task type="eval"><![CDATA[$GLOBALS['q_ComponentId'] = $db->insertid();]]></task>
	<task type="query"><![CDATA[INSERT  INTO `#__rsform_properties` (`PropertyId`,`ComponentId`,`PropertyName`,`PropertyValue`) VALUES ('','{ComponentId}','NAME','notes' )]]></task>
	<task type="query"><![CDATA[INSERT  INTO `#__rsform_properties` (`PropertyId`,`ComponentId`,`PropertyName`,`PropertyValue`) VALUES ('','{ComponentId}','CAPTION','Additional Information' )]]></task>
	<task type="query"><![CDATA[INSERT  INTO `#__rsform_properties` (`PropertyId`,`ComponentId`,`PropertyName`,`PropertyValue`) VALUES ('','{ComponentId}','DEFAULTVALUE','' )]]></task>
	<task type="query"><![CDATA[INSERT  INTO `#__rsform_properties` (`PropertyId`,`ComponentId`,`PropertyName`,`PropertyValue`) VALUES ('','{ComponentId}','DESCRIPTION','' )]]></task>
	<task type="query"><![CDATA[INSERT  INTO `#__rsform_properties` (`PropertyId`,`ComponentId`,`PropertyName`,`PropertyValue`) VALUES ('','{ComponentId}','REQUIRED','NO' )]]></task>
	<task type="query"><![CDATA[INSERT  INTO `#__rsform_properties` (`PropertyId`,`ComponentId`,`PropertyName`,`PropertyValue`) VALUES ('','{ComponentId}','VALIDATIONEXTRA','' )]]></task>
	<task type="query"><![CDATA[INSERT  INTO `#__rsform_properties` (`PropertyId`,`ComponentId`,`PropertyName`,`PropertyValue`) VALUES ('','{ComponentId}','VALIDATIONRULE','NoLinksInValue' )]]></task>
	<task type="query"><![CDATA[INSERT  INTO `#__rsform_properties` (`PropertyId`,`ComponentId`,`PropertyName`,`PropertyValue`) VALUES ('','{ComponentId}','VALIDATIONMESSAGE','Cannot contain links.' )]]></task>
	<task type="query"><![CDATA[INSERT  INTO `#__rsform_properties` (`PropertyId`,`ComponentId`,`PropertyName`,`PropertyValue`) VALUES ('','{ComponentId}','COLS','50' )]]></task>
	<task type="query"><![CDATA[INSERT  INTO `#__rsform_properties` (`PropertyId`,`ComponentId`,`PropertyName`,`PropertyValue`) VALUES ('','{ComponentId}','ROWS','5' )]]></task>
	<task type="query"><![CDATA[INSERT  INTO `#__rsform_properties` (`PropertyId`,`ComponentId`,`PropertyName`,`PropertyValue`) VALUES ('','{ComponentId}','WYSIWYG','NO' )]]></task>
	<task type="query"><![CDATA[INSERT  INTO `#__rsform_properties` (`PropertyId`,`ComponentId`,`PropertyName`,`PropertyValue`) VALUES ('','{ComponentId}','ADDITIONALATTRIBUTES','' )]]></task>
	<task type="query"><![CDATA[INSERT  INTO `#__rsform_properties` (`PropertyId`,`ComponentId`,`PropertyName`,`PropertyValue`) VALUES ('','{ComponentId}','EMAILATTACH','' )]]></task>
	<task type="eval"><![CDATA[$GLOBALS['ComponentIds']['notes'] = $GLOBALS['q_ComponentId'];]]></task>
	<task type="query"><![CDATA[INSERT  INTO `#__rsform_components` (`ComponentId`,`FormId`,`ComponentTypeId`,`Order`,`Published`) VALUES ('','{FormId}','13','16','1' )]]></task>
	<task type="eval"><![CDATA[$GLOBALS['q_ComponentId'] = $db->insertid();]]></task>
	<task type="query"><![CDATA[INSERT  INTO `#__rsform_properties` (`PropertyId`,`ComponentId`,`PropertyName`,`PropertyValue`) VALUES ('','{ComponentId}','NAME','submit' )]]></task>
	<task type="query"><![CDATA[INSERT  INTO `#__rsform_properties` (`PropertyId`,`ComponentId`,`PropertyName`,`PropertyValue`) VALUES ('','{ComponentId}','LABEL','Submit' )]]></task>
	<task type="query"><![CDATA[INSERT  INTO `#__rsform_properties` (`PropertyId`,`ComponentId`,`PropertyName`,`PropertyValue`) VALUES ('','{ComponentId}','CAPTION','' )]]></task>
	<task type="query"><![CDATA[INSERT  INTO `#__rsform_properties` (`PropertyId`,`ComponentId`,`PropertyName`,`PropertyValue`) VALUES ('','{ComponentId}','RESET','NO' )]]></task>
	<task type="query"><![CDATA[INSERT  INTO `#__rsform_properties` (`PropertyId`,`ComponentId`,`PropertyName`,`PropertyValue`) VALUES ('','{ComponentId}','RESETLABEL','' )]]></task>
	<task type="query"><![CDATA[INSERT  INTO `#__rsform_properties` (`PropertyId`,`ComponentId`,`PropertyName`,`PropertyValue`) VALUES ('','{ComponentId}','DISPLAYPROGRESSMSG','<div>\r\n <p><em>Page <strong>{page}</strong> of {total}</em></p>\r\n <div class=\"rsformProgressContainer\">\r\n  <div class=\"rsformProgressBar\" style=\"width: {percent}%;\"></div>\r\n </div>\r\n</div>' )]]></task>
	<task type="query"><![CDATA[INSERT  INTO `#__rsform_properties` (`PropertyId`,`ComponentId`,`PropertyName`,`PropertyValue`) VALUES ('','{ComponentId}','PREVBUTTON','PREV' )]]></task>
	<task type="query"><![CDATA[INSERT  INTO `#__rsform_properties` (`PropertyId`,`ComponentId`,`PropertyName`,`PropertyValue`) VALUES ('','{ComponentId}','DISPLAYPROGRESS','NO' )]]></task>
	<task type="query"><![CDATA[INSERT  INTO `#__rsform_properties` (`PropertyId`,`ComponentId`,`PropertyName`,`PropertyValue`) VALUES ('','{ComponentId}','BUTTONTYPE','TYPEBUTTON' )]]></task>
	<task type="query"><![CDATA[INSERT  INTO `#__rsform_properties` (`PropertyId`,`ComponentId`,`PropertyName`,`PropertyValue`) VALUES ('','{ComponentId}','ADDITIONALATTRIBUTES','class=\"blue_btn readmore\"' )]]></task>
	<task type="query"><![CDATA[INSERT  INTO `#__rsform_properties` (`PropertyId`,`ComponentId`,`PropertyName`,`PropertyValue`) VALUES ('','{ComponentId}','EMAILATTACH','' )]]></task>
	<task type="eval"><![CDATA[$GLOBALS['ComponentIds']['submit'] = $GLOBALS['q_ComponentId'];]]></task>
	<task type="query"><![CDATA[INSERT  INTO `#__rsform_components` (`ComponentId`,`FormId`,`ComponentTypeId`,`Order`,`Published`) VALUES ('','{FormId}','11','17','1' )]]></task>
	<task type="eval"><![CDATA[$GLOBALS['q_ComponentId'] = $db->insertid();]]></task>
	<task type="query"><![CDATA[INSERT  INTO `#__rsform_properties` (`PropertyId`,`ComponentId`,`PropertyName`,`PropertyValue`) VALUES ('','{ComponentId}','NAME','form_name' )]]></task>
	<task type="query"><![CDATA[INSERT  INTO `#__rsform_properties` (`PropertyId`,`ComponentId`,`PropertyName`,`PropertyValue`) VALUES ('','{ComponentId}','DEFAULTVALUE','POS Asset Appraisal' )]]></task>
	<task type="query"><![CDATA[INSERT  INTO `#__rsform_properties` (`PropertyId`,`ComponentId`,`PropertyName`,`PropertyValue`) VALUES ('','{ComponentId}','ADDITIONALATTRIBUTES','' )]]></task>
	<task type="query"><![CDATA[INSERT  INTO `#__rsform_properties` (`PropertyId`,`ComponentId`,`PropertyName`,`PropertyValue`) VALUES ('','{ComponentId}','EMAILATTACH','' )]]></task>
	<task type="eval"><![CDATA[$GLOBALS['ComponentIds']['form_name'] = $GLOBALS['q_ComponentId'];]]></task>
	<task type="query"><![CDATA[INSERT  INTO `#__rsform_components` (`ComponentId`,`FormId`,`ComponentTypeId`,`Order`,`Published`) VALUES ('','{FormId}','11','18','1' )]]></task>
	<task type="eval"><![CDATA[$GLOBALS['q_ComponentId'] = $db->insertid();]]></task>
	<task type="query"><![CDATA[INSERT  INTO `#__rsform_properties` (`PropertyId`,`ComponentId`,`PropertyName`,`PropertyValue`) VALUES ('','{ComponentId}','EMAILATTACH','' )]]></task>
	<task type="query"><![CDATA[INSERT  INTO `#__rsform_properties` (`PropertyId`,`ComponentId`,`PropertyName`,`PropertyValue`) VALUES ('','{ComponentId}','DEFAULTVALUE','yes' )]]></task>
	<task type="query"><![CDATA[INSERT  INTO `#__rsform_properties` (`PropertyId`,`ComponentId`,`PropertyName`,`PropertyValue`) VALUES ('','{ComponentId}','ADDITIONALATTRIBUTES','' )]]></task>
	<task type="query"><![CDATA[INSERT  INTO `#__rsform_properties` (`PropertyId`,`ComponentId`,`PropertyName`,`PropertyValue`) VALUES ('','{ComponentId}','NAME','pos_asset_appraisal' )]]></task>
	<task type="eval"><![CDATA[$GLOBALS['ComponentIds']['pos_asset_appraisal'] = $GLOBALS['q_ComponentId'];]]></task>
	<task type="query"><![CDATA[INSERT  INTO `#__rsform_components` (`ComponentId`,`FormId`,`ComponentTypeId`,`Order`,`Published`) VALUES ('','{FormId}','11','19','1' )]]></task>
	<task type="eval"><![CDATA[$GLOBALS['q_ComponentId'] = $db->insertid();]]></task>
	<task type="query"><![CDATA[INSERT  INTO `#__rsform_properties` (`PropertyId`,`ComponentId`,`PropertyName`,`PropertyValue`) VALUES ('','{ComponentId}','EMAILATTACH','' )]]></task>
	<task type="query"><![CDATA[INSERT  INTO `#__rsform_properties` (`PropertyId`,`ComponentId`,`PropertyName`,`PropertyValue`) VALUES ('','{ComponentId}','ADDITIONALATTRIBUTES','' )]]></task>
	<task type="query"><![CDATA[INSERT  INTO `#__rsform_properties` (`PropertyId`,`ComponentId`,`PropertyName`,`PropertyValue`) VALUES ('','{ComponentId}','DEFAULTVALUE','avA4ccxjMq0mW01mYTnFg' )]]></task>
	<task type="query"><![CDATA[INSERT  INTO `#__rsform_properties` (`PropertyId`,`ComponentId`,`PropertyName`,`PropertyValue`) VALUES ('','{ComponentId}','NAME','cd_accountkey' )]]></task>
	<task type="eval"><![CDATA[$GLOBALS['ComponentIds']['cd_accountkey'] = $GLOBALS['q_ComponentId'];]]></task>
	<task type="query"><![CDATA[INSERT  INTO `#__rsform_components` (`ComponentId`,`FormId`,`ComponentTypeId`,`Order`,`Published`) VALUES ('','{FormId}','11','20','1' )]]></task>
	<task type="eval"><![CDATA[$GLOBALS['q_ComponentId'] = $db->insertid();]]></task>
	<task type="query"><![CDATA[INSERT  INTO `#__rsform_properties` (`PropertyId`,`ComponentId`,`PropertyName`,`PropertyValue`) VALUES ('','{ComponentId}','EMAILATTACH','' )]]></task>
	<task type="query"><![CDATA[INSERT  INTO `#__rsform_properties` (`PropertyId`,`ComponentId`,`PropertyName`,`PropertyValue`) VALUES ('','{ComponentId}','ADDITIONALATTRIBUTES','' )]]></task>
	<task type="query"><![CDATA[INSERT  INTO `#__rsform_properties` (`PropertyId`,`ComponentId`,`PropertyName`,`PropertyValue`) VALUES ('','{ComponentId}','NAME','cd_domain' )]]></task>
	<task type="query"><![CDATA[INSERT  INTO `#__rsform_properties` (`PropertyId`,`ComponentId`,`PropertyName`,`PropertyValue`) VALUES ('','{ComponentId}','DEFAULTVALUE','posrg.com' )]]></task>
	<task type="eval"><![CDATA[$GLOBALS['ComponentIds']['cd_domain'] = $GLOBALS['q_ComponentId'];]]></task>
	<task type="query"><![CDATA[INSERT  INTO `#__rsform_components` (`ComponentId`,`FormId`,`ComponentTypeId`,`Order`,`Published`) VALUES ('','{FormId}','11','21','1' )]]></task>
	<task type="eval"><![CDATA[$GLOBALS['q_ComponentId'] = $db->insertid();]]></task>
	<task type="query"><![CDATA[INSERT  INTO `#__rsform_properties` (`PropertyId`,`ComponentId`,`PropertyName`,`PropertyValue`) VALUES ('','{ComponentId}','EMAILATTACH','' )]]></task>
	<task type="query"><![CDATA[INSERT  INTO `#__rsform_properties` (`PropertyId`,`ComponentId`,`PropertyName`,`PropertyValue`) VALUES ('','{ComponentId}','ADDITIONALATTRIBUTES','' )]]></task>
	<task type="query"><![CDATA[INSERT  INTO `#__rsform_properties` (`PropertyId`,`ComponentId`,`PropertyName`,`PropertyValue`) VALUES ('','{ComponentId}','DEFAULTVALUE','3246876321654312' )]]></task>
	<task type="query"><![CDATA[INSERT  INTO `#__rsform_properties` (`PropertyId`,`ComponentId`,`PropertyName`,`PropertyValue`) VALUES ('','{ComponentId}','NAME','antispam' )]]></task>
	<task type="eval"><![CDATA[$GLOBALS['ComponentIds']['antispam'] = $GLOBALS['q_ComponentId'];]]></task>
	<task type="query"><![CDATA[INSERT  INTO `#__rsform_components` (`ComponentId`,`FormId`,`ComponentTypeId`,`Order`,`Published`) VALUES ('','{FormId}','1','22','1' )]]></task>
	<task type="eval"><![CDATA[$GLOBALS['q_ComponentId'] = $db->insertid();]]></task>
	<task type="query"><![CDATA[INSERT  INTO `#__rsform_properties` (`PropertyId`,`ComponentId`,`PropertyName`,`PropertyValue`) VALUES ('','{ComponentId}','MAXSIZE','' )]]></task>
	<task type="query"><![CDATA[INSERT  INTO `#__rsform_properties` (`PropertyId`,`ComponentId`,`PropertyName`,`PropertyValue`) VALUES ('','{ComponentId}','ADDITIONALATTRIBUTES','' )]]></task>
	<task type="query"><![CDATA[INSERT  INTO `#__rsform_properties` (`PropertyId`,`ComponentId`,`PropertyName`,`PropertyValue`) VALUES ('','{ComponentId}','EMAILATTACH','' )]]></task>
	<task type="query"><![CDATA[INSERT  INTO `#__rsform_properties` (`PropertyId`,`ComponentId`,`PropertyName`,`PropertyValue`) VALUES ('','{ComponentId}','SIZE','20' )]]></task>
	<task type="query"><![CDATA[INSERT  INTO `#__rsform_properties` (`PropertyId`,`ComponentId`,`PropertyName`,`PropertyValue`) VALUES ('','{ComponentId}','VALIDATIONMESSAGE','Invalid Input' )]]></task>
	<task type="query"><![CDATA[INSERT  INTO `#__rsform_properties` (`PropertyId`,`ComponentId`,`PropertyName`,`PropertyValue`) VALUES ('','{ComponentId}','VALIDATIONRULE','sameas' )]]></task>
	<task type="query"><![CDATA[INSERT  INTO `#__rsform_properties` (`PropertyId`,`ComponentId`,`PropertyName`,`PropertyValue`) VALUES ('','{ComponentId}','VALIDATIONEXTRA','antispam' )]]></task>
	<task type="query"><![CDATA[INSERT  INTO `#__rsform_properties` (`PropertyId`,`ComponentId`,`PropertyName`,`PropertyValue`) VALUES ('','{ComponentId}','REQUIRED','YES' )]]></task>
	<task type="query"><![CDATA[INSERT  INTO `#__rsform_properties` (`PropertyId`,`ComponentId`,`PropertyName`,`PropertyValue`) VALUES ('','{ComponentId}','DESCRIPTION','' )]]></task>
	<task type="query"><![CDATA[INSERT  INTO `#__rsform_properties` (`PropertyId`,`ComponentId`,`PropertyName`,`PropertyValue`) VALUES ('','{ComponentId}','DEFAULTVALUE','3246876321654312' )]]></task>
	<task type="query"><![CDATA[INSERT  INTO `#__rsform_properties` (`PropertyId`,`ComponentId`,`PropertyName`,`PropertyValue`) VALUES ('','{ComponentId}','CAPTION','' )]]></task>
	<task type="query"><![CDATA[INSERT  INTO `#__rsform_properties` (`PropertyId`,`ComponentId`,`PropertyName`,`PropertyValue`) VALUES ('','{ComponentId}','NAME','antispam_check' )]]></task>
	<task type="eval"><![CDATA[$GLOBALS['ComponentIds']['antispam_check'] = $GLOBALS['q_ComponentId'];]]></task>
	<task type="query"><![CDATA[INSERT  INTO `#__rsform_components` (`ComponentId`,`FormId`,`ComponentTypeId`,`Order`,`Published`) VALUES ('','{FormId}','1','14','1' )]]></task>
	<task type="eval"><![CDATA[$GLOBALS['q_ComponentId'] = $db->insertid();]]></task>
	<task type="query"><![CDATA[INSERT  INTO `#__rsform_properties` (`PropertyId`,`ComponentId`,`PropertyName`,`PropertyValue`) VALUES ('','{ComponentId}','NAME','equipment_location' )]]></task>
	<task type="query"><![CDATA[INSERT  INTO `#__rsform_properties` (`PropertyId`,`ComponentId`,`PropertyName`,`PropertyValue`) VALUES ('','{ComponentId}','CAPTION','Equipment Location' )]]></task>
	<task type="query"><![CDATA[INSERT  INTO `#__rsform_properties` (`PropertyId`,`ComponentId`,`PropertyName`,`PropertyValue`) VALUES ('','{ComponentId}','DEFAULTVALUE','' )]]></task>
	<task type="query"><![CDATA[INSERT  INTO `#__rsform_properties` (`PropertyId`,`ComponentId`,`PropertyName`,`PropertyValue`) VALUES ('','{ComponentId}','DESCRIPTION','' )]]></task>
	<task type="query"><![CDATA[INSERT  INTO `#__rsform_properties` (`PropertyId`,`ComponentId`,`PropertyName`,`PropertyValue`) VALUES ('','{ComponentId}','REQUIRED','NO' )]]></task>
	<task type="query"><![CDATA[INSERT  INTO `#__rsform_properties` (`PropertyId`,`ComponentId`,`PropertyName`,`PropertyValue`) VALUES ('','{ComponentId}','VALIDATIONEXTRA','' )]]></task>
	<task type="query"><![CDATA[INSERT  INTO `#__rsform_properties` (`PropertyId`,`ComponentId`,`PropertyName`,`PropertyValue`) VALUES ('','{ComponentId}','VALIDATIONRULE','NoLinksInValue' )]]></task>
	<task type="query"><![CDATA[INSERT  INTO `#__rsform_properties` (`PropertyId`,`ComponentId`,`PropertyName`,`PropertyValue`) VALUES ('','{ComponentId}','VALIDATIONMESSAGE','Invalid Input' )]]></task>
	<task type="query"><![CDATA[INSERT  INTO `#__rsform_properties` (`PropertyId`,`ComponentId`,`PropertyName`,`PropertyValue`) VALUES ('','{ComponentId}','SIZE','20' )]]></task>
	<task type="query"><![CDATA[INSERT  INTO `#__rsform_properties` (`PropertyId`,`ComponentId`,`PropertyName`,`PropertyValue`) VALUES ('','{ComponentId}','MAXSIZE','' )]]></task>
	<task type="query"><![CDATA[INSERT  INTO `#__rsform_properties` (`PropertyId`,`ComponentId`,`PropertyName`,`PropertyValue`) VALUES ('','{ComponentId}','ADDITIONALATTRIBUTES','' )]]></task>
	<task type="query"><![CDATA[INSERT  INTO `#__rsform_properties` (`PropertyId`,`ComponentId`,`PropertyName`,`PropertyValue`) VALUES ('','{ComponentId}','EMAILATTACH','' )]]></task>
	<task type="eval"><![CDATA[$GLOBALS['ComponentIds']['equipment_location'] = $GLOBALS['q_ComponentId'];]]></task>
	<task type="query"><![CDATA[INSERT IGNORE INTO `#__rsform_posts` (`form_id`,`enabled`,`method`,`silent`,`url`) VALUES ('{FormId}','1','1','1','http://analytics.clickdimensions.com/forms/h/a863LVTda2kaXxRreO3kts' )]]></task>
	<task type="query"><![CDATA[INSERT  INTO `#__rsform_forms` (`FormId`,`FormName`,`FormLayout`,`FormLayoutName`,`FormLayoutAutogenerate`,`CSS`,`JS`,`FormTitle`,`ShowFormTitle`,`Published`,`Lang`,`ReturnUrl`,`ShowThankyou`,`Thankyou`,`ShowContinue`,`UserEmailText`,`UserEmailTo`,`UserEmailCC`,`UserEmailBCC`,`UserEmailFrom`,`UserEmailReplyTo`,`UserEmailFromName`,`UserEmailSubject`,`UserEmailMode`,`UserEmailAttach`,`UserEmailAttachFile`,`AdminEmailText`,`AdminEmailTo`,`AdminEmailCC`,`AdminEmailBCC`,`AdminEmailFrom`,`AdminEmailReplyTo`,`AdminEmailFromName`,`AdminEmailSubject`,`AdminEmailMode`,`ScriptProcess`,`ScriptProcess2`,`ScriptDisplay`,`UserEmailScript`,`AdminEmailScript`,`AdditionalEmailsScript`,`MetaTitle`,`MetaDesc`,`MetaKeywords`,`Required`,`ErrorMessage`,`MultipleSeparator`,`TextareaNewLines`,`CSSClass`,`CSSId`,`CSSName`,`CSSAction`,`CSSAdditionalAttributes`,`AjaxValidation`,`ThemeParams`,`Keepdata`,`Backendmenu`,`ConfirmSubmission`) VALUES ('','pref-partners-form','<a name=\"form\"></a>\r\n<h3>Contact Information</h3>\r\n{error}\r\n<!-- Do not remove this ID, it is used to identify the page so that the pagination script can work correctly -->\r\n<fieldset class=\"formHorizontal formContainer\" id=\"rsform_8_page_0\">\r\n	<div class=\"rsform-block rsform-block-fname\">\r\n		<div class=\"formControlLabel\">{fname:caption}<strong class=\"formRequired\">*</strong></div>\r\n		<div class=\"formControls\">\r\n		<div class=\"formBody\">{fname:body}<span class=\"formValidation\">{fname:validation}</span></div>\r\n		<p class=\"formDescription\">{fname:description}</p>\r\n		</div>\r\n	</div>\r\n	<div class=\"rsform-block rsform-block-lname\">\r\n		<div class=\"formControlLabel\">{lname:caption}<strong class=\"formRequired\">*</strong></div>\r\n		<div class=\"formControls\">\r\n		<div class=\"formBody\">{lname:body}<span class=\"formValidation\">{lname:validation}</span></div>\r\n		<p class=\"formDescription\">{lname:description}</p>\r\n		</div>\r\n	</div>\r\n	<div class=\"rsform-block rsform-block-company\">\r\n		<div class=\"formControlLabel\">{company:caption}<strong class=\"formRequired\">*</strong></div>\r\n		<div class=\"formControls\">\r\n		<div class=\"formBody\">{company:body}<span class=\"formValidation\">{company:validation}</span></div>\r\n		<p class=\"formDescription\">{company:description}</p>\r\n		</div>\r\n	</div>\r\n	<div class=\"rsform-block rsform-block-email\">\r\n		<div class=\"formControlLabel\">{email:caption}<strong class=\"formRequired\">*</strong></div>\r\n		<div class=\"formControls\">\r\n		<div class=\"formBody\">{email:body}<span class=\"formValidation\">{email:validation}</span></div>\r\n		<p class=\"formDescription\">{email:description}</p>\r\n		</div>\r\n	</div>\r\n	<div class=\"rsform-block rsform-block-telephone\">\r\n		<div class=\"formControlLabel\">{telephone:caption}<strong class=\"formRequired\">*</strong></div>\r\n		<div class=\"formControls\">\r\n		<div class=\"formBody\">{telephone:body}<span class=\"formValidation\">{telephone:validation}</span></div>\r\n		<p class=\"formDescription\">{telephone:description}</p>\r\n		</div>\r\n	</div>\r\n	<div class=\"rsform-block rsform-block-city\">\r\n		<div class=\"formControlLabel\">{city:caption}</div>\r\n		<div class=\"formControls\">\r\n		<div class=\"formBody\">{city:body}<span class=\"formValidation\">{city:validation}</span></div>\r\n		<p class=\"formDescription\">{city:description}</p>\r\n		</div>\r\n	</div>\r\n	<div class=\"rsform-block rsform-block-state\">\r\n		<div class=\"formControlLabel\">{state:caption}</div>\r\n		<div class=\"formControls\">\r\n		<div class=\"formBody\">{state:body}<span class=\"formValidation\">{state:validation}</span></div>\r\n		<p class=\"formDescription\">{state:description}</p>\r\n		</div>\r\n	</div>\r\n	<div class=\"rsform-block rsform-block-zip\">\r\n		<div class=\"formControlLabel\">{zip:caption}</div>\r\n		<div class=\"formControls\">\r\n		<div class=\"formBody\">{zip:body}<span class=\"formValidation\">{zip:validation}</span></div>\r\n		<p class=\"formDescription\">{zip:description}</p>\r\n		</div>\r\n	</div>\r\n	<div class=\"rsform-block rsform-block-info\">\r\n		<div class=\"formControlLabel\">{info:caption}</div>\r\n		<div class=\"formControls\">\r\n		<div class=\"formBody\">{info:body}<span class=\"formValidation\">{info:validation}</span></div>\r\n		<p class=\"formDescription\">{info:description}</p>\r\n		</div>\r\n	</div>\r\n	<div class=\"rsform-block rsform-block-submit\">\r\n		<div class=\"formControlLabel\">{submit:caption}</div>\r\n		<div class=\"formControls\">\r\n		<div class=\"formBody\">{submit:body}<span class=\"formValidation\">{submit:validation}</span></div>\r\n		<p class=\"formDescription\">{submit:description}</p>\r\n		</div>\r\n	</div>\r\n</fieldset>\r\n','responsive','0','','<script>\r\nfunction anchorPoint()\r\n{\r\n  x=document.getElementById(\"pref-partners\");\r\n  x.setAttribute(\"action\",\"#form\");\r\n} \r\n</script>','Preferred Partners form','1','1','en-GB','','1','<div id=\"form\" style=\"margin:0 25px;padding:25px;background-color:#f4f9fd;border: 1px solid #cdcdcd;\"><p style=\"font-weight:bold;font-size:14px;\">Thank you for your interest in learning more about our preferred partners products. We have received your message and will contact you as soon as we can.</p></div>','0','','','','','','','','','1','0','','<p><strong>New Preferred Partner Page Submission</strong></p>\r\n\r\n<p><strong>Name:</strong> {fname:value} {lname:value}</p>\r\n\r\n<p><strong>Company:</strong> {company:value}</p>\r\n\r\n<p><strong>Email:</strong> {email:value}</p>\r\n\r\n<p><strong>Phone:</strong> {telephone:value}</p>\r\n\r\n<p><strong>City:</strong> {city:value}</p>\r\n\r\n<p><strong>State:</strong> {state:value}</p>\r\n\r\n<p><strong>ZIP:</strong> {zip:value}</p>\r\n\r\n<p><strong>More info:</strong> {info:value}</p>','bryan@electriceasel.com','','','{email:value}','{email:value}','{fname:value} {lname:value}','Preferred Partner Email from {fname:value} {lname:value}','1','','','','','','','0','','','*','<p class=\"formRed\">Please complete all required fields!</p>','\\n','1','form','pref-partners','','','','1','','1','0','0' )]]></task>
	<task type="eval"><![CDATA[$GLOBALS['q_FormId'] = $db->insertid();]]></task>
	<task type="eval"><![CDATA[$GLOBALS['ComponentIds'] = array();]]></task>
	<task type="query"><![CDATA[INSERT  INTO `#__rsform_components` (`ComponentId`,`FormId`,`ComponentTypeId`,`Order`,`Published`) VALUES ('','{FormId}','1','1','1' )]]></task>
	<task type="eval"><![CDATA[$GLOBALS['q_ComponentId'] = $db->insertid();]]></task>
	<task type="query"><![CDATA[INSERT  INTO `#__rsform_properties` (`PropertyId`,`ComponentId`,`PropertyName`,`PropertyValue`) VALUES ('','{ComponentId}','NAME','fname' )]]></task>
	<task type="query"><![CDATA[INSERT  INTO `#__rsform_properties` (`PropertyId`,`ComponentId`,`PropertyName`,`PropertyValue`) VALUES ('','{ComponentId}','CAPTION','First Name' )]]></task>
	<task type="query"><![CDATA[INSERT  INTO `#__rsform_properties` (`PropertyId`,`ComponentId`,`PropertyName`,`PropertyValue`) VALUES ('','{ComponentId}','DEFAULTVALUE','' )]]></task>
	<task type="query"><![CDATA[INSERT  INTO `#__rsform_properties` (`PropertyId`,`ComponentId`,`PropertyName`,`PropertyValue`) VALUES ('','{ComponentId}','DESCRIPTION','' )]]></task>
	<task type="query"><![CDATA[INSERT  INTO `#__rsform_properties` (`PropertyId`,`ComponentId`,`PropertyName`,`PropertyValue`) VALUES ('','{ComponentId}','REQUIRED','YES' )]]></task>
	<task type="query"><![CDATA[INSERT  INTO `#__rsform_properties` (`PropertyId`,`ComponentId`,`PropertyName`,`PropertyValue`) VALUES ('','{ComponentId}','VALIDATIONEXTRA','' )]]></task>
	<task type="query"><![CDATA[INSERT  INTO `#__rsform_properties` (`PropertyId`,`ComponentId`,`PropertyName`,`PropertyValue`) VALUES ('','{ComponentId}','VALIDATIONRULE','none' )]]></task>
	<task type="query"><![CDATA[INSERT  INTO `#__rsform_properties` (`PropertyId`,`ComponentId`,`PropertyName`,`PropertyValue`) VALUES ('','{ComponentId}','VALIDATIONMESSAGE','Invalid Input' )]]></task>
	<task type="query"><![CDATA[INSERT  INTO `#__rsform_properties` (`PropertyId`,`ComponentId`,`PropertyName`,`PropertyValue`) VALUES ('','{ComponentId}','SIZE','20' )]]></task>
	<task type="query"><![CDATA[INSERT  INTO `#__rsform_properties` (`PropertyId`,`ComponentId`,`PropertyName`,`PropertyValue`) VALUES ('','{ComponentId}','MAXSIZE','' )]]></task>
	<task type="query"><![CDATA[INSERT  INTO `#__rsform_properties` (`PropertyId`,`ComponentId`,`PropertyName`,`PropertyValue`) VALUES ('','{ComponentId}','ADDITIONALATTRIBUTES','' )]]></task>
	<task type="query"><![CDATA[INSERT  INTO `#__rsform_properties` (`PropertyId`,`ComponentId`,`PropertyName`,`PropertyValue`) VALUES ('','{ComponentId}','EMAILATTACH','' )]]></task>
	<task type="eval"><![CDATA[$GLOBALS['ComponentIds']['fname'] = $GLOBALS['q_ComponentId'];]]></task>
	<task type="query"><![CDATA[INSERT  INTO `#__rsform_components` (`ComponentId`,`FormId`,`ComponentTypeId`,`Order`,`Published`) VALUES ('','{FormId}','1','2','1' )]]></task>
	<task type="eval"><![CDATA[$GLOBALS['q_ComponentId'] = $db->insertid();]]></task>
	<task type="query"><![CDATA[INSERT  INTO `#__rsform_properties` (`PropertyId`,`ComponentId`,`PropertyName`,`PropertyValue`) VALUES ('','{ComponentId}','NAME','lname' )]]></task>
	<task type="query"><![CDATA[INSERT  INTO `#__rsform_properties` (`PropertyId`,`ComponentId`,`PropertyName`,`PropertyValue`) VALUES ('','{ComponentId}','CAPTION','Last Name' )]]></task>
	<task type="query"><![CDATA[INSERT  INTO `#__rsform_properties` (`PropertyId`,`ComponentId`,`PropertyName`,`PropertyValue`) VALUES ('','{ComponentId}','DEFAULTVALUE','' )]]></task>
	<task type="query"><![CDATA[INSERT  INTO `#__rsform_properties` (`PropertyId`,`ComponentId`,`PropertyName`,`PropertyValue`) VALUES ('','{ComponentId}','DESCRIPTION','' )]]></task>
	<task type="query"><![CDATA[INSERT  INTO `#__rsform_properties` (`PropertyId`,`ComponentId`,`PropertyName`,`PropertyValue`) VALUES ('','{ComponentId}','REQUIRED','YES' )]]></task>
	<task type="query"><![CDATA[INSERT  INTO `#__rsform_properties` (`PropertyId`,`ComponentId`,`PropertyName`,`PropertyValue`) VALUES ('','{ComponentId}','VALIDATIONEXTRA','' )]]></task>
	<task type="query"><![CDATA[INSERT  INTO `#__rsform_properties` (`PropertyId`,`ComponentId`,`PropertyName`,`PropertyValue`) VALUES ('','{ComponentId}','VALIDATIONRULE','none' )]]></task>
	<task type="query"><![CDATA[INSERT  INTO `#__rsform_properties` (`PropertyId`,`ComponentId`,`PropertyName`,`PropertyValue`) VALUES ('','{ComponentId}','VALIDATIONMESSAGE','Invalid Input' )]]></task>
	<task type="query"><![CDATA[INSERT  INTO `#__rsform_properties` (`PropertyId`,`ComponentId`,`PropertyName`,`PropertyValue`) VALUES ('','{ComponentId}','SIZE','20' )]]></task>
	<task type="query"><![CDATA[INSERT  INTO `#__rsform_properties` (`PropertyId`,`ComponentId`,`PropertyName`,`PropertyValue`) VALUES ('','{ComponentId}','MAXSIZE','' )]]></task>
	<task type="query"><![CDATA[INSERT  INTO `#__rsform_properties` (`PropertyId`,`ComponentId`,`PropertyName`,`PropertyValue`) VALUES ('','{ComponentId}','ADDITIONALATTRIBUTES','' )]]></task>
	<task type="query"><![CDATA[INSERT  INTO `#__rsform_properties` (`PropertyId`,`ComponentId`,`PropertyName`,`PropertyValue`) VALUES ('','{ComponentId}','EMAILATTACH','' )]]></task>
	<task type="eval"><![CDATA[$GLOBALS['ComponentIds']['lname'] = $GLOBALS['q_ComponentId'];]]></task>
	<task type="query"><![CDATA[INSERT  INTO `#__rsform_components` (`ComponentId`,`FormId`,`ComponentTypeId`,`Order`,`Published`) VALUES ('','{FormId}','1','3','1' )]]></task>
	<task type="eval"><![CDATA[$GLOBALS['q_ComponentId'] = $db->insertid();]]></task>
	<task type="query"><![CDATA[INSERT  INTO `#__rsform_properties` (`PropertyId`,`ComponentId`,`PropertyName`,`PropertyValue`) VALUES ('','{ComponentId}','NAME','company' )]]></task>
	<task type="query"><![CDATA[INSERT  INTO `#__rsform_properties` (`PropertyId`,`ComponentId`,`PropertyName`,`PropertyValue`) VALUES ('','{ComponentId}','CAPTION','Company' )]]></task>
	<task type="query"><![CDATA[INSERT  INTO `#__rsform_properties` (`PropertyId`,`ComponentId`,`PropertyName`,`PropertyValue`) VALUES ('','{ComponentId}','DEFAULTVALUE','' )]]></task>
	<task type="query"><![CDATA[INSERT  INTO `#__rsform_properties` (`PropertyId`,`ComponentId`,`PropertyName`,`PropertyValue`) VALUES ('','{ComponentId}','DESCRIPTION','' )]]></task>
	<task type="query"><![CDATA[INSERT  INTO `#__rsform_properties` (`PropertyId`,`ComponentId`,`PropertyName`,`PropertyValue`) VALUES ('','{ComponentId}','REQUIRED','YES' )]]></task>
	<task type="query"><![CDATA[INSERT  INTO `#__rsform_properties` (`PropertyId`,`ComponentId`,`PropertyName`,`PropertyValue`) VALUES ('','{ComponentId}','VALIDATIONEXTRA','' )]]></task>
	<task type="query"><![CDATA[INSERT  INTO `#__rsform_properties` (`PropertyId`,`ComponentId`,`PropertyName`,`PropertyValue`) VALUES ('','{ComponentId}','VALIDATIONRULE','none' )]]></task>
	<task type="query"><![CDATA[INSERT  INTO `#__rsform_properties` (`PropertyId`,`ComponentId`,`PropertyName`,`PropertyValue`) VALUES ('','{ComponentId}','VALIDATIONMESSAGE','Invalid Input' )]]></task>
	<task type="query"><![CDATA[INSERT  INTO `#__rsform_properties` (`PropertyId`,`ComponentId`,`PropertyName`,`PropertyValue`) VALUES ('','{ComponentId}','SIZE','20' )]]></task>
	<task type="query"><![CDATA[INSERT  INTO `#__rsform_properties` (`PropertyId`,`ComponentId`,`PropertyName`,`PropertyValue`) VALUES ('','{ComponentId}','MAXSIZE','' )]]></task>
	<task type="query"><![CDATA[INSERT  INTO `#__rsform_properties` (`PropertyId`,`ComponentId`,`PropertyName`,`PropertyValue`) VALUES ('','{ComponentId}','ADDITIONALATTRIBUTES','' )]]></task>
	<task type="query"><![CDATA[INSERT  INTO `#__rsform_properties` (`PropertyId`,`ComponentId`,`PropertyName`,`PropertyValue`) VALUES ('','{ComponentId}','EMAILATTACH','' )]]></task>
	<task type="eval"><![CDATA[$GLOBALS['ComponentIds']['company'] = $GLOBALS['q_ComponentId'];]]></task>
	<task type="query"><![CDATA[INSERT  INTO `#__rsform_components` (`ComponentId`,`FormId`,`ComponentTypeId`,`Order`,`Published`) VALUES ('','{FormId}','1','4','1' )]]></task>
	<task type="eval"><![CDATA[$GLOBALS['q_ComponentId'] = $db->insertid();]]></task>
	<task type="query"><![CDATA[INSERT  INTO `#__rsform_properties` (`PropertyId`,`ComponentId`,`PropertyName`,`PropertyValue`) VALUES ('','{ComponentId}','NAME','email' )]]></task>
	<task type="query"><![CDATA[INSERT  INTO `#__rsform_properties` (`PropertyId`,`ComponentId`,`PropertyName`,`PropertyValue`) VALUES ('','{ComponentId}','CAPTION','Email Address' )]]></task>
	<task type="query"><![CDATA[INSERT  INTO `#__rsform_properties` (`PropertyId`,`ComponentId`,`PropertyName`,`PropertyValue`) VALUES ('','{ComponentId}','DEFAULTVALUE','' )]]></task>
	<task type="query"><![CDATA[INSERT  INTO `#__rsform_properties` (`PropertyId`,`ComponentId`,`PropertyName`,`PropertyValue`) VALUES ('','{ComponentId}','DESCRIPTION','' )]]></task>
	<task type="query"><![CDATA[INSERT  INTO `#__rsform_properties` (`PropertyId`,`ComponentId`,`PropertyName`,`PropertyValue`) VALUES ('','{ComponentId}','REQUIRED','YES' )]]></task>
	<task type="query"><![CDATA[INSERT  INTO `#__rsform_properties` (`PropertyId`,`ComponentId`,`PropertyName`,`PropertyValue`) VALUES ('','{ComponentId}','VALIDATIONEXTRA','' )]]></task>
	<task type="query"><![CDATA[INSERT  INTO `#__rsform_properties` (`PropertyId`,`ComponentId`,`PropertyName`,`PropertyValue`) VALUES ('','{ComponentId}','VALIDATIONRULE','none' )]]></task>
	<task type="query"><![CDATA[INSERT  INTO `#__rsform_properties` (`PropertyId`,`ComponentId`,`PropertyName`,`PropertyValue`) VALUES ('','{ComponentId}','VALIDATIONMESSAGE','Invalid Input' )]]></task>
	<task type="query"><![CDATA[INSERT  INTO `#__rsform_properties` (`PropertyId`,`ComponentId`,`PropertyName`,`PropertyValue`) VALUES ('','{ComponentId}','SIZE','20' )]]></task>
	<task type="query"><![CDATA[INSERT  INTO `#__rsform_properties` (`PropertyId`,`ComponentId`,`PropertyName`,`PropertyValue`) VALUES ('','{ComponentId}','MAXSIZE','' )]]></task>
	<task type="query"><![CDATA[INSERT  INTO `#__rsform_properties` (`PropertyId`,`ComponentId`,`PropertyName`,`PropertyValue`) VALUES ('','{ComponentId}','ADDITIONALATTRIBUTES','' )]]></task>
	<task type="query"><![CDATA[INSERT  INTO `#__rsform_properties` (`PropertyId`,`ComponentId`,`PropertyName`,`PropertyValue`) VALUES ('','{ComponentId}','EMAILATTACH','' )]]></task>
	<task type="eval"><![CDATA[$GLOBALS['ComponentIds']['email'] = $GLOBALS['q_ComponentId'];]]></task>
	<task type="query"><![CDATA[INSERT  INTO `#__rsform_components` (`ComponentId`,`FormId`,`ComponentTypeId`,`Order`,`Published`) VALUES ('','{FormId}','1','5','1' )]]></task>
	<task type="eval"><![CDATA[$GLOBALS['q_ComponentId'] = $db->insertid();]]></task>
	<task type="query"><![CDATA[INSERT  INTO `#__rsform_properties` (`PropertyId`,`ComponentId`,`PropertyName`,`PropertyValue`) VALUES ('','{ComponentId}','VALIDATIONMESSAGE','Invalid Input' )]]></task>
	<task type="query"><![CDATA[INSERT  INTO `#__rsform_properties` (`PropertyId`,`ComponentId`,`PropertyName`,`PropertyValue`) VALUES ('','{ComponentId}','VALIDATIONRULE','none' )]]></task>
	<task type="query"><![CDATA[INSERT  INTO `#__rsform_properties` (`PropertyId`,`ComponentId`,`PropertyName`,`PropertyValue`) VALUES ('','{ComponentId}','VALIDATIONEXTRA','' )]]></task>
	<task type="query"><![CDATA[INSERT  INTO `#__rsform_properties` (`PropertyId`,`ComponentId`,`PropertyName`,`PropertyValue`) VALUES ('','{ComponentId}','REQUIRED','YES' )]]></task>
	<task type="query"><![CDATA[INSERT  INTO `#__rsform_properties` (`PropertyId`,`ComponentId`,`PropertyName`,`PropertyValue`) VALUES ('','{ComponentId}','DESCRIPTION','' )]]></task>
	<task type="query"><![CDATA[INSERT  INTO `#__rsform_properties` (`PropertyId`,`ComponentId`,`PropertyName`,`PropertyValue`) VALUES ('','{ComponentId}','DEFAULTVALUE','' )]]></task>
	<task type="query"><![CDATA[INSERT  INTO `#__rsform_properties` (`PropertyId`,`ComponentId`,`PropertyName`,`PropertyValue`) VALUES ('','{ComponentId}','CAPTION','Telephone' )]]></task>
	<task type="query"><![CDATA[INSERT  INTO `#__rsform_properties` (`PropertyId`,`ComponentId`,`PropertyName`,`PropertyValue`) VALUES ('','{ComponentId}','NAME','telephone' )]]></task>
	<task type="query"><![CDATA[INSERT  INTO `#__rsform_properties` (`PropertyId`,`ComponentId`,`PropertyName`,`PropertyValue`) VALUES ('','{ComponentId}','SIZE','20' )]]></task>
	<task type="query"><![CDATA[INSERT  INTO `#__rsform_properties` (`PropertyId`,`ComponentId`,`PropertyName`,`PropertyValue`) VALUES ('','{ComponentId}','MAXSIZE','' )]]></task>
	<task type="query"><![CDATA[INSERT  INTO `#__rsform_properties` (`PropertyId`,`ComponentId`,`PropertyName`,`PropertyValue`) VALUES ('','{ComponentId}','ADDITIONALATTRIBUTES','' )]]></task>
	<task type="query"><![CDATA[INSERT  INTO `#__rsform_properties` (`PropertyId`,`ComponentId`,`PropertyName`,`PropertyValue`) VALUES ('','{ComponentId}','EMAILATTACH','' )]]></task>
	<task type="eval"><![CDATA[$GLOBALS['ComponentIds']['telephone'] = $GLOBALS['q_ComponentId'];]]></task>
	<task type="query"><![CDATA[INSERT  INTO `#__rsform_components` (`ComponentId`,`FormId`,`ComponentTypeId`,`Order`,`Published`) VALUES ('','{FormId}','1','6','1' )]]></task>
	<task type="eval"><![CDATA[$GLOBALS['q_ComponentId'] = $db->insertid();]]></task>
	<task type="query"><![CDATA[INSERT  INTO `#__rsform_properties` (`PropertyId`,`ComponentId`,`PropertyName`,`PropertyValue`) VALUES ('','{ComponentId}','NAME','city' )]]></task>
	<task type="query"><![CDATA[INSERT  INTO `#__rsform_properties` (`PropertyId`,`ComponentId`,`PropertyName`,`PropertyValue`) VALUES ('','{ComponentId}','CAPTION','City' )]]></task>
	<task type="query"><![CDATA[INSERT  INTO `#__rsform_properties` (`PropertyId`,`ComponentId`,`PropertyName`,`PropertyValue`) VALUES ('','{ComponentId}','DEFAULTVALUE','' )]]></task>
	<task type="query"><![CDATA[INSERT  INTO `#__rsform_properties` (`PropertyId`,`ComponentId`,`PropertyName`,`PropertyValue`) VALUES ('','{ComponentId}','DESCRIPTION','' )]]></task>
	<task type="query"><![CDATA[INSERT  INTO `#__rsform_properties` (`PropertyId`,`ComponentId`,`PropertyName`,`PropertyValue`) VALUES ('','{ComponentId}','REQUIRED','NO' )]]></task>
	<task type="query"><![CDATA[INSERT  INTO `#__rsform_properties` (`PropertyId`,`ComponentId`,`PropertyName`,`PropertyValue`) VALUES ('','{ComponentId}','VALIDATIONEXTRA','' )]]></task>
	<task type="query"><![CDATA[INSERT  INTO `#__rsform_properties` (`PropertyId`,`ComponentId`,`PropertyName`,`PropertyValue`) VALUES ('','{ComponentId}','VALIDATIONRULE','none' )]]></task>
	<task type="query"><![CDATA[INSERT  INTO `#__rsform_properties` (`PropertyId`,`ComponentId`,`PropertyName`,`PropertyValue`) VALUES ('','{ComponentId}','VALIDATIONMESSAGE','Invalid Input' )]]></task>
	<task type="query"><![CDATA[INSERT  INTO `#__rsform_properties` (`PropertyId`,`ComponentId`,`PropertyName`,`PropertyValue`) VALUES ('','{ComponentId}','SIZE','20' )]]></task>
	<task type="query"><![CDATA[INSERT  INTO `#__rsform_properties` (`PropertyId`,`ComponentId`,`PropertyName`,`PropertyValue`) VALUES ('','{ComponentId}','MAXSIZE','' )]]></task>
	<task type="query"><![CDATA[INSERT  INTO `#__rsform_properties` (`PropertyId`,`ComponentId`,`PropertyName`,`PropertyValue`) VALUES ('','{ComponentId}','ADDITIONALATTRIBUTES','' )]]></task>
	<task type="query"><![CDATA[INSERT  INTO `#__rsform_properties` (`PropertyId`,`ComponentId`,`PropertyName`,`PropertyValue`) VALUES ('','{ComponentId}','EMAILATTACH','' )]]></task>
	<task type="eval"><![CDATA[$GLOBALS['ComponentIds']['city'] = $GLOBALS['q_ComponentId'];]]></task>
	<task type="query"><![CDATA[INSERT  INTO `#__rsform_components` (`ComponentId`,`FormId`,`ComponentTypeId`,`Order`,`Published`) VALUES ('','{FormId}','1','7','1' )]]></task>
	<task type="eval"><![CDATA[$GLOBALS['q_ComponentId'] = $db->insertid();]]></task>
	<task type="query"><![CDATA[INSERT  INTO `#__rsform_properties` (`PropertyId`,`ComponentId`,`PropertyName`,`PropertyValue`) VALUES ('','{ComponentId}','NAME','state' )]]></task>
	<task type="query"><![CDATA[INSERT  INTO `#__rsform_properties` (`PropertyId`,`ComponentId`,`PropertyName`,`PropertyValue`) VALUES ('','{ComponentId}','CAPTION','State' )]]></task>
	<task type="query"><![CDATA[INSERT  INTO `#__rsform_properties` (`PropertyId`,`ComponentId`,`PropertyName`,`PropertyValue`) VALUES ('','{ComponentId}','DEFAULTVALUE','' )]]></task>
	<task type="query"><![CDATA[INSERT  INTO `#__rsform_properties` (`PropertyId`,`ComponentId`,`PropertyName`,`PropertyValue`) VALUES ('','{ComponentId}','DESCRIPTION','' )]]></task>
	<task type="query"><![CDATA[INSERT  INTO `#__rsform_properties` (`PropertyId`,`ComponentId`,`PropertyName`,`PropertyValue`) VALUES ('','{ComponentId}','REQUIRED','NO' )]]></task>
	<task type="query"><![CDATA[INSERT  INTO `#__rsform_properties` (`PropertyId`,`ComponentId`,`PropertyName`,`PropertyValue`) VALUES ('','{ComponentId}','VALIDATIONEXTRA','' )]]></task>
	<task type="query"><![CDATA[INSERT  INTO `#__rsform_properties` (`PropertyId`,`ComponentId`,`PropertyName`,`PropertyValue`) VALUES ('','{ComponentId}','VALIDATIONRULE','none' )]]></task>
	<task type="query"><![CDATA[INSERT  INTO `#__rsform_properties` (`PropertyId`,`ComponentId`,`PropertyName`,`PropertyValue`) VALUES ('','{ComponentId}','VALIDATIONMESSAGE','Invalid Input' )]]></task>
	<task type="query"><![CDATA[INSERT  INTO `#__rsform_properties` (`PropertyId`,`ComponentId`,`PropertyName`,`PropertyValue`) VALUES ('','{ComponentId}','SIZE','20' )]]></task>
	<task type="query"><![CDATA[INSERT  INTO `#__rsform_properties` (`PropertyId`,`ComponentId`,`PropertyName`,`PropertyValue`) VALUES ('','{ComponentId}','MAXSIZE','' )]]></task>
	<task type="query"><![CDATA[INSERT  INTO `#__rsform_properties` (`PropertyId`,`ComponentId`,`PropertyName`,`PropertyValue`) VALUES ('','{ComponentId}','ADDITIONALATTRIBUTES','' )]]></task>
	<task type="query"><![CDATA[INSERT  INTO `#__rsform_properties` (`PropertyId`,`ComponentId`,`PropertyName`,`PropertyValue`) VALUES ('','{ComponentId}','EMAILATTACH','' )]]></task>
	<task type="eval"><![CDATA[$GLOBALS['ComponentIds']['state'] = $GLOBALS['q_ComponentId'];]]></task>
	<task type="query"><![CDATA[INSERT  INTO `#__rsform_components` (`ComponentId`,`FormId`,`ComponentTypeId`,`Order`,`Published`) VALUES ('','{FormId}','1','8','1' )]]></task>
	<task type="eval"><![CDATA[$GLOBALS['q_ComponentId'] = $db->insertid();]]></task>
	<task type="query"><![CDATA[INSERT  INTO `#__rsform_properties` (`PropertyId`,`ComponentId`,`PropertyName`,`PropertyValue`) VALUES ('','{ComponentId}','NAME','zip' )]]></task>
	<task type="query"><![CDATA[INSERT  INTO `#__rsform_properties` (`PropertyId`,`ComponentId`,`PropertyName`,`PropertyValue`) VALUES ('','{ComponentId}','CAPTION','Zip' )]]></task>
	<task type="query"><![CDATA[INSERT  INTO `#__rsform_properties` (`PropertyId`,`ComponentId`,`PropertyName`,`PropertyValue`) VALUES ('','{ComponentId}','DEFAULTVALUE','' )]]></task>
	<task type="query"><![CDATA[INSERT  INTO `#__rsform_properties` (`PropertyId`,`ComponentId`,`PropertyName`,`PropertyValue`) VALUES ('','{ComponentId}','DESCRIPTION','' )]]></task>
	<task type="query"><![CDATA[INSERT  INTO `#__rsform_properties` (`PropertyId`,`ComponentId`,`PropertyName`,`PropertyValue`) VALUES ('','{ComponentId}','REQUIRED','NO' )]]></task>
	<task type="query"><![CDATA[INSERT  INTO `#__rsform_properties` (`PropertyId`,`ComponentId`,`PropertyName`,`PropertyValue`) VALUES ('','{ComponentId}','VALIDATIONEXTRA','' )]]></task>
	<task type="query"><![CDATA[INSERT  INTO `#__rsform_properties` (`PropertyId`,`ComponentId`,`PropertyName`,`PropertyValue`) VALUES ('','{ComponentId}','VALIDATIONRULE','none' )]]></task>
	<task type="query"><![CDATA[INSERT  INTO `#__rsform_properties` (`PropertyId`,`ComponentId`,`PropertyName`,`PropertyValue`) VALUES ('','{ComponentId}','VALIDATIONMESSAGE','Invalid Input' )]]></task>
	<task type="query"><![CDATA[INSERT  INTO `#__rsform_properties` (`PropertyId`,`ComponentId`,`PropertyName`,`PropertyValue`) VALUES ('','{ComponentId}','SIZE','20' )]]></task>
	<task type="query"><![CDATA[INSERT  INTO `#__rsform_properties` (`PropertyId`,`ComponentId`,`PropertyName`,`PropertyValue`) VALUES ('','{ComponentId}','MAXSIZE','' )]]></task>
	<task type="query"><![CDATA[INSERT  INTO `#__rsform_properties` (`PropertyId`,`ComponentId`,`PropertyName`,`PropertyValue`) VALUES ('','{ComponentId}','ADDITIONALATTRIBUTES','' )]]></task>
	<task type="query"><![CDATA[INSERT  INTO `#__rsform_properties` (`PropertyId`,`ComponentId`,`PropertyName`,`PropertyValue`) VALUES ('','{ComponentId}','EMAILATTACH','' )]]></task>
	<task type="eval"><![CDATA[$GLOBALS['ComponentIds']['zip'] = $GLOBALS['q_ComponentId'];]]></task>
	<task type="query"><![CDATA[INSERT  INTO `#__rsform_components` (`ComponentId`,`FormId`,`ComponentTypeId`,`Order`,`Published`) VALUES ('','{FormId}','2','9','1' )]]></task>
	<task type="eval"><![CDATA[$GLOBALS['q_ComponentId'] = $db->insertid();]]></task>
	<task type="query"><![CDATA[INSERT  INTO `#__rsform_properties` (`PropertyId`,`ComponentId`,`PropertyName`,`PropertyValue`) VALUES ('','{ComponentId}','NAME','info' )]]></task>
	<task type="query"><![CDATA[INSERT  INTO `#__rsform_properties` (`PropertyId`,`ComponentId`,`PropertyName`,`PropertyValue`) VALUES ('','{ComponentId}','CAPTION','Additional Information' )]]></task>
	<task type="query"><![CDATA[INSERT  INTO `#__rsform_properties` (`PropertyId`,`ComponentId`,`PropertyName`,`PropertyValue`) VALUES ('','{ComponentId}','DEFAULTVALUE','' )]]></task>
	<task type="query"><![CDATA[INSERT  INTO `#__rsform_properties` (`PropertyId`,`ComponentId`,`PropertyName`,`PropertyValue`) VALUES ('','{ComponentId}','DESCRIPTION','' )]]></task>
	<task type="query"><![CDATA[INSERT  INTO `#__rsform_properties` (`PropertyId`,`ComponentId`,`PropertyName`,`PropertyValue`) VALUES ('','{ComponentId}','REQUIRED','NO' )]]></task>
	<task type="query"><![CDATA[INSERT  INTO `#__rsform_properties` (`PropertyId`,`ComponentId`,`PropertyName`,`PropertyValue`) VALUES ('','{ComponentId}','VALIDATIONEXTRA','' )]]></task>
	<task type="query"><![CDATA[INSERT  INTO `#__rsform_properties` (`PropertyId`,`ComponentId`,`PropertyName`,`PropertyValue`) VALUES ('','{ComponentId}','VALIDATIONRULE','none' )]]></task>
	<task type="query"><![CDATA[INSERT  INTO `#__rsform_properties` (`PropertyId`,`ComponentId`,`PropertyName`,`PropertyValue`) VALUES ('','{ComponentId}','VALIDATIONMESSAGE','Invalid Input' )]]></task>
	<task type="query"><![CDATA[INSERT  INTO `#__rsform_properties` (`PropertyId`,`ComponentId`,`PropertyName`,`PropertyValue`) VALUES ('','{ComponentId}','COLS','50' )]]></task>
	<task type="query"><![CDATA[INSERT  INTO `#__rsform_properties` (`PropertyId`,`ComponentId`,`PropertyName`,`PropertyValue`) VALUES ('','{ComponentId}','ROWS','10' )]]></task>
	<task type="query"><![CDATA[INSERT  INTO `#__rsform_properties` (`PropertyId`,`ComponentId`,`PropertyName`,`PropertyValue`) VALUES ('','{ComponentId}','WYSIWYG','NO' )]]></task>
	<task type="query"><![CDATA[INSERT  INTO `#__rsform_properties` (`PropertyId`,`ComponentId`,`PropertyName`,`PropertyValue`) VALUES ('','{ComponentId}','ADDITIONALATTRIBUTES','' )]]></task>
	<task type="query"><![CDATA[INSERT  INTO `#__rsform_properties` (`PropertyId`,`ComponentId`,`PropertyName`,`PropertyValue`) VALUES ('','{ComponentId}','EMAILATTACH','' )]]></task>
	<task type="eval"><![CDATA[$GLOBALS['ComponentIds']['info'] = $GLOBALS['q_ComponentId'];]]></task>
	<task type="query"><![CDATA[INSERT  INTO `#__rsform_components` (`ComponentId`,`FormId`,`ComponentTypeId`,`Order`,`Published`) VALUES ('','{FormId}','13','10','1' )]]></task>
	<task type="eval"><![CDATA[$GLOBALS['q_ComponentId'] = $db->insertid();]]></task>
	<task type="query"><![CDATA[INSERT  INTO `#__rsform_properties` (`PropertyId`,`ComponentId`,`PropertyName`,`PropertyValue`) VALUES ('','{ComponentId}','NAME','submit' )]]></task>
	<task type="query"><![CDATA[INSERT  INTO `#__rsform_properties` (`PropertyId`,`ComponentId`,`PropertyName`,`PropertyValue`) VALUES ('','{ComponentId}','LABEL','Submit' )]]></task>
	<task type="query"><![CDATA[INSERT  INTO `#__rsform_properties` (`PropertyId`,`ComponentId`,`PropertyName`,`PropertyValue`) VALUES ('','{ComponentId}','CAPTION','' )]]></task>
	<task type="query"><![CDATA[INSERT  INTO `#__rsform_properties` (`PropertyId`,`ComponentId`,`PropertyName`,`PropertyValue`) VALUES ('','{ComponentId}','RESET','NO' )]]></task>
	<task type="query"><![CDATA[INSERT  INTO `#__rsform_properties` (`PropertyId`,`ComponentId`,`PropertyName`,`PropertyValue`) VALUES ('','{ComponentId}','RESETLABEL','' )]]></task>
	<task type="query"><![CDATA[INSERT  INTO `#__rsform_properties` (`PropertyId`,`ComponentId`,`PropertyName`,`PropertyValue`) VALUES ('','{ComponentId}','DISPLAYPROGRESSMSG','<div>\r\n <p><em>Page <strong>{page}</strong> of {total}</em></p>\r\n <div class=\"rsformProgressContainer\">\r\n  <div class=\"rsformProgressBar\" style=\"width: {percent}%;\"></div>\r\n </div>\r\n</div>' )]]></task>
	<task type="query"><![CDATA[INSERT  INTO `#__rsform_properties` (`PropertyId`,`ComponentId`,`PropertyName`,`PropertyValue`) VALUES ('','{ComponentId}','PREVBUTTON','PREV' )]]></task>
	<task type="query"><![CDATA[INSERT  INTO `#__rsform_properties` (`PropertyId`,`ComponentId`,`PropertyName`,`PropertyValue`) VALUES ('','{ComponentId}','DISPLAYPROGRESS','NO' )]]></task>
	<task type="query"><![CDATA[INSERT  INTO `#__rsform_properties` (`PropertyId`,`ComponentId`,`PropertyName`,`PropertyValue`) VALUES ('','{ComponentId}','BUTTONTYPE','TYPEINPUT' )]]></task>
	<task type="query"><![CDATA[INSERT  INTO `#__rsform_properties` (`PropertyId`,`ComponentId`,`PropertyName`,`PropertyValue`) VALUES ('','{ComponentId}','ADDITIONALATTRIBUTES','onclick=\"anchorPoint()\"' )]]></task>
	<task type="query"><![CDATA[INSERT  INTO `#__rsform_properties` (`PropertyId`,`ComponentId`,`PropertyName`,`PropertyValue`) VALUES ('','{ComponentId}','EMAILATTACH','' )]]></task>
	<task type="eval"><![CDATA[$GLOBALS['ComponentIds']['submit'] = $GLOBALS['q_ComponentId'];]]></task>
	<task type="query"><![CDATA[INSERT IGNORE INTO `#__rsform_posts` (`form_id`,`enabled`,`method`,`silent`,`url`) VALUES ('{FormId}','1','1','1','http://analytics.clickdimensions.com/forms/h/a863LVTda2kaXxRreO3kts' )]]></task>
</tasks>
</RSinstall>